	statistic	p-value	adjusted-p
PWY-7371	52.632745739643674	3.72344101999682e-12	5.502152652350643e-10
PWY-6263	53.56651399642568	2.334421520767815e-12	5.502152652350643e-10
PWY-7090	52.38672214812303	4.210831111492839e-12	5.502152652350643e-10
PWY-7374	48.87959970391887	2.4318108144693896e-11	2.383174598180002e-09
PWY-5198	44.351196696507465	2.3402378785122963e-10	6.852518378305885e-09
PWY-7286	44.351196696507465	2.3402378785122963e-10	6.852518378305885e-09
METHANOGENESIS-PWY	44.351196696507465	2.3402378785122963e-10	6.852518378305885e-09
PWY-6654	44.351196696507465	2.3402378785122963e-10	6.852518378305885e-09
PWY-6350	44.351196696507465	2.3402378785122963e-10	6.852518378305885e-09
PWY-6349	44.351196696507465	2.3402378785122963e-10	6.852518378305885e-09
PWY-6141	44.351196696507465	2.3402378785122963e-10	6.852518378305885e-09
PWY-6167	44.351196696507465	2.3402378785122963e-10	6.852518378305885e-09
PWY-6174	44.26170823188974	2.4473279922521017e-10	6.852518378305885e-09
PWY-6148	44.30672057084242	2.392863209483884e-10	6.852518378305885e-09
LACTOSECAT-PWY	41.0282807178728	1.23259965297878e-09	3.221193759784545e-08
P241-PWY	40.7336367278651	1.4282465070638298e-09	3.4992039423063836e-08
PWY-922	38.59037466506561	4.17067754911281e-09	9.264991038289861e-08
PWY-5910	38.550655866749594	4.254332619622896e-09	9.264991038289861e-08
PWY-6478	36.21594924208775	1.3671197068238447e-08	2.820583816183932e-07
PWY-7391	30.17143201693083	2.807739307074817e-07	5.291397173645969e-06
PWY-6396	30.152335266064938	2.8346770573103403e-07	5.291397173645969e-06
GOLPDLCAT-PWY	29.01998069372213	4.993341395956793e-07	8.897226487341195e-06
POLYAMINSYN3-PWY	28.757190380681777	5.69449808599438e-07	9.705405433520855e-06
PWY-181	28.449012208726497	6.643171909193509e-07	1.0850514118349397e-05
CODH-PWY	26.779915701609415	1.5304360689162012e-06	2.3997237560606035e-05
PWY-1622	26.455248554994927	1.8001793169476762e-06	2.714116508628804e-05
PWY-5989	26.336119812967354	1.910663667271587e-06	2.7740005835943042e-05
PWY-7323	26.185613727636337	2.059995285375306e-06	2.8839933995254282e-05
COLANSYN-PWY	25.960303696135043	2.305640956197466e-06	3.012704182764689e-05
PWY-6470	25.994808352673083	2.2662044455259655e-06	3.012704182764689e-05
PWY-6282	25.81467858629776	2.47978351695261e-06	3.135726253694913e-05
PWY-7664	25.655968362286785	2.684585599171686e-06	3.2886173589853155e-05
PWYG-321	24.92273148216873	3.873447033310053e-06	4.601185566841033e-05
FASYN-INITIAL-PWY	24.68729421058947	4.357347290852974e-06	5.0237651118069584e-05
PWY-7003	24.581110901124475	4.5949372860041816e-06	5.1463297603246834e-05
PWY-7456	23.865719937400083	6.5708985534041e-06	7.154978424817797e-05
PWY-5154	23.79110998684905	6.820655383595739e-06	7.226207865863594e-05
PWY-6507	23.46407288914679	8.032325707749929e-06	8.28597809852098e-05
GLUCOSE1PMETAB-PWY	22.90041547550686	1.0647262535667823e-05	0.00010701863882004581
VALDEG-PWY	22.16861765266684	1.5351324111230414e-05	0.00015044297629005805
PWY-6572	22.019620468998415	1.653865425895149e-05	0.000158125669988024
HISTSYN-PWY	21.375000880594143	2.2828508270912567e-05	0.0002042411637605576
BIOTIN-BIOSYNTHESIS-PWY	21.445438381023905	2.2038509775396752e-05	0.0002042411637605576
PWY-6749	21.3665625858288	2.292502858536871e-05	0.0002042411637605576
PWY0-1533	21.13287863614419	2.5766397998181487e-05	0.00022445395589526984
PWY0-862	20.98782799030687	2.7704547317616065e-05	0.0002360909249675108
P108-PWY	20.837430673947665	2.9868225439048515e-05	0.0002491137100448302
PWY-6383	20.7366996766248	3.141108071423392e-05	0.00024988454110586587
PWY-6519	20.746293092909582	3.126077171002031e-05	0.00024988454110586587
PWY-7392	20.707500833439553	3.187302820227881e-05	0.00024988454110586587
PPGPPMET-PWY	19.707753066228005	5.254311259294485e-05	0.0004038607869889094
PWY0-42	19.62998877132673	5.462633936052139e-05	0.0004117985582562381
P281-PWY	19.300350260124024	6.441428516873132e-05	0.00047642263747439006
P161-PWY	18.971296838486296	7.593381751437295e-05	0.0005512232678821148
PWY-5747	18.697888532956384	8.705727988430442e-05	0.0006094009591901309
PWY-7332	18.710420415438296	8.651348954230816e-05	0.0006094009591901309
PWY-7234	18.320860758959043	0.00010511764783475373	0.0007229143500214642
KDO-NAGLIPASYN-PWY	17.670343020742038	0.00014552371275491292	0.0009835395758607908
PWY-7328	17.4052509033163	0.00016614902162952273	0.0011039053640469986
PWY-7431	17.030811851516475	0.0002003577727538415	0.001309004115325098
GLUTORN-PWY	16.98476849748954	0.00020502384905377906	0.0013175303086734654
PWY0-1061	16.82347292189411	0.00022224360432003328	0.0014051531111847265
P125-PWY	16.58381001780026	0.00025053673314207346	0.001558895228439568
P461-PWY	16.384590218732228	0.0002767779191205302	0.0016952647546132477
HEMESYN2-PWY	16.201860517933028	0.00030325689937187836	0.001828872377750405
HEXITOLDEGSUPER-PWY	15.896392074669393	0.0003532989281828659	0.0020983815128436884
PWY-5532	15.804992403748994	0.00036981924383386403	0.0021637185609384283
PWY-6397	15.45339755625947	0.00044089721681459285	0.0025416427792841235
PWY-3781	15.334677878434087	0.0004678611756782669	0.002657993925592473
P105-PWY	15.272180959238927	0.00048271194005961824	0.002703186864333862
PWY-5265	15.206286601962615	0.0004988808336858268	0.002754384321194987
ENTBACSYN-PWY	15.114584795682351	0.0005222874778409175	0.002843565157133884
PWY-1269	14.711092720243414	0.0006390381772145636	0.0033851752090284996
NAD-BIOSYNTHESIS-II	14.7336512182369	0.0006318708037769769	0.0033851752090284996
REDCITCYC	14.547402302236833	0.000693540340050809	0.0036249041773322287
PWY-7446	14.489207675346158	0.0007140169633789565	0.003671801764994156
GLYCOLYSIS-TCA-GLYOX-BYPASS	14.46905842237197	0.0007212467752667092	0.003671801764994156
P4-PWY	14.434002054048733	0.0007340003687069307	0.0036888223658091903
PWY-7013	14.37216970786349	0.000757047276576686	0.003756487752127353
TCA-GLYOX-BYPASS	14.214573275730887	0.0008191145338930868	0.003964109843038148
P164-PWY	14.227750686924537	0.000813735369703365	0.003964109843038148
PWY0-781	13.99813755128298	0.0009127315277580425	0.004349132842313676
ARGDEG-PWY	13.956447682590849	0.0009319570376386447	0.004349132842313676
ORNARGDEG-PWY	13.956447682590849	0.0009319570376386447	0.004349132842313676
FASYN-ELONG-PWY	13.845804706262243	0.0009849670657567516	0.004489617322984263
RHAMCAT-PWY	13.858387412930142	0.0009787897421619078	0.004489617322984263
GLYOXYLATE-BYPASS	13.767309193995187	0.0010243934506642943	0.004615657846671303
ECASYN-PWY	13.545908456560625	0.0011443091022106835	0.00509737690984759
PWY-6641	13.472288083184164	0.0011872161982187186	0.005229087075300423
PWY-5022	13.315535802171608	0.0012840092096881048	0.005592573446641523
METHGLYUT-PWY	12.989522035699881	0.0015113363525495718	0.006370363980639055
PWY-5837	13.003950973613428	0.001500472100378226	0.006370363980639055
PWY-5863	13.013261957455597	0.0014935028997530098	0.006370363980639055
DENITRIFICATION-PWY	12.719762082459297	0.0017295724474314684	0.007212685099926975
ARGSYNBSUB-PWY	12.654188464068284	0.0017872194763239996	0.007374631944410609
PWY-6703	12.617352514012737	0.0018204414415416924	0.007433469219628577
ORNDEG-PWY	12.566134467358824	0.0018676632402255477	0.007470652960902191
P221-PWY	12.569763634372437	0.0018642772822943551	0.007470652960902191
PWY0-1338	12.532969463508316	0.0018988919792128685	0.00751884500860045
NAGLIPASYN-PWY	12.438862746394534	0.0019903766770716087	0.007802276574120706
GLYCOGENSYNTH-PWY	12.354732336513052	0.0020758882009064817	0.008056912621340008
P42-PWY	12.227396221569734	0.002212354135341286	0.008502380598566511
PWY-2941	12.199815624334178	0.0022430744941312752	0.008536749531062718
PWY-5659	12.080863496677694	0.002380530901449293	0.00889504686609767
AST-PWY	12.079124357394958	0.0023826018391333043	0.00889504686609767
PWY4FS-7	11.785388760927162	0.002759531443636171	0.010109685288835319
PWY4FS-8	11.785388760927162	0.002759531443636171	0.010109685288835319
PWY-5505	11.742791582026484	0.002818935941312119	0.010231693416614358
PWY-6165	11.561486341012689	0.003086420818784089	0.0109988814633033
HISDEG-PWY	11.57159055400939	0.003070867214423912	0.0109988814633033
PWY-5384	11.494620324122025	0.0031913534854507977	0.011137789913264235
PENTOSE-P-PWY	11.511604195846303	0.003164367460306302	0.011137789913264235
THREOCAT-PWY	11.482570954460934	0.0032106384188746394	0.011137789913264235
PWY0-41	11.458690445975291	0.0032492040413569204	0.011172701615893971
GALACTUROCAT-PWY	11.13393796524997	0.0038220475862565653	0.013028196989674551
P341-PWY	11.001271912166144	0.0040841732575596906	0.013801688939339644
PWY-6892	10.900680318776494	0.00429484351090812	0.014267615731152398
PWY-6269	10.913687261322139	0.004267002748440464	0.014267615731152398
PWY-5509	10.843538121823713	0.004419321679209577	0.014557765531513901
ARO-PWY	10.751160972688012	0.004628231328524645	0.01511888900651384
PWY-6969	10.481317090853508	0.00529676752503147	0.017159775783573028
GLYCOLYSIS-E-D	10.458932938103544	0.0053563823361811235	0.017210671112975414
PWY0-1586	10.426320856118991	0.00544443970858689	0.017351385087528953
PWY-7031	10.293101013774722	0.00581944427677865	0.018396952874977668
THISYN-PWY	10.264607521143489	0.005902945823410926	0.01841422892816996
PWY0-1297	10.259223069487462	0.005918859298340345	0.01841422892816996
PWY-7373	10.199845988643167	0.0060972160676979826	0.018672724207325072
PYRIDNUCSYN-PWY	10.202527737154469	0.0060890459464184275	0.018672724207325072
PWY-5899	10.136014313187843	0.006294952503723723	0.018836804438623657
PWY-5897	10.136014313187843	0.006294952503723723	0.018836804438623657
PWY-5898	10.136014313187843	0.006294952503723723	0.018836804438623657
PWY-5861	10.081432271179892	0.0064691138963536305	0.019211307934625933
PWY-6700	10.016058249800153	0.006684063788048511	0.01970039853319561
PWY-6163	9.80564122116084	0.0074256087540222945	0.021722676355050295
PWY-5840	9.778433258901941	0.007527316844283208	0.021857097799696423
GLYCOL-GLYOXDEG-PWY	9.668878300119697	0.007951146474694566	0.02291801042706081
ARGSYN-PWY	9.590113272394092	0.00827053040311648	0.023664583343223793
PWY-5920	9.56459476486558	0.008376732286898673	0.023794775771480287
NONMEVIPP-PWY	9.400897358698785	0.009091197154045858	0.02474723893493576
PWY-6143	9.405484966390294	0.00907036762960597	0.02474723893493576
PWY-7560	9.400897358698785	0.009091197154045858	0.02474723893493576
PWY-7400	9.400245741953313	0.00909415962476952	0.02474723893493576
PWY-7315	9.397379445182196	0.009107202248729131	0.02474723893493576
PWY-6467	9.387138903489634	0.009153953177463483	0.02474723893493576
COMPLETE-ARO-PWY	9.40410055008897	0.009076648385553126	0.02474723893493576
PWY0-1415	9.367592068333124	0.00924385720352034	0.02481912345054776
PWY1G-0	9.324505115340834	0.009445162647684066	0.025187100393824175
PWY-1541	9.30263875359824	0.00954899489333894	0.02529193242019503
PWY-7222	9.248436736909753	0.009811320877396846	0.025640251892930427
PWY-7220	9.248436736909753	0.009811320877396846	0.025640251892930427
PWY-7094	9.227725755183606	0.00991344980603294	0.025735578304403393
P441-PWY	8.94418994113289	0.011423359163772843	0.029460242053940492
ALL-CHORISMATE-PWY	8.912659626280963	0.011604877290716291	0.029732757503011673
PWY-7184	8.86824363641972	0.011865481383310197	0.030203043521153227
PWY-7242	8.737928106116215	0.012664353372895237	0.03202855820758021
PANTOSYN-PWY	8.635389001049361	0.013330581790772785	0.03349735937168546
UDPNAGSYN-PWY	8.547734759436253	0.013927814714236705	0.03446665072269835
HOMOSER-METSYN-PWY	8.540241411474426	0.013980095573747542	0.03446665072269835
MET-SAM-PWY	8.548107291962879	0.013925220673832377	0.03446665072269835
SER-GLYSYN-PWY	8.516312278097303	0.014148365993548732	0.03466349668419439
PWY-7228	8.451115136765111	0.014617182358333708	0.03558966139420381
COBALSYN-PWY	8.404882796566653	0.014959011298634	0.03613470416245908
PWY-7237	8.396026360545193	0.015025399945104156	0.03613470416245908
ARG+POLYAMINE-SYN	8.366891336540675	0.015245884697159616	0.0364413829346742
PWY-5028	8.344586343675687	0.015416866034037784	0.036626736274804915
RIBOSYN2-PWY	8.305961384303828	0.01571749757251317	0.037116018364007
PWY-5838	8.214118515119253	0.016456096581729862	0.038627484191844946
P124-PWY	8.166772356323918	0.016850310784633508	0.03931739183081152
RUMP-PWY	8.146614972045882	0.017020998589526985	0.03948065945026378
POLYISOPRENSYN-PWY	8.122476828401886	0.017227670906812216	0.039724982326296406
PANTO-PWY	8.048124299575193	0.017880185227910635	0.040988494791467656
PWY-6125	7.980961186810418	0.018490825415312474	0.042141881179084247
PWY-6891	7.87408589945494	0.019505809206989785	0.04419813415687859
PWY-5862	7.813450991467562	0.02010623132619139	0.04503795817066871
PWY-5860	7.813450991467562	0.02010623132619139	0.04503795817066871
PWY-7527	7.697212800240896	0.021309412550024515	0.047193727229432825
PWY-4361	7.697212800240896	0.021309412550024515	0.047193727229432825
OANTIGEN-PWY	7.655926357802855	0.02175387929628737	0.04769751223846289
P163-PWY	7.6535041414551035	0.021780241557869534	0.04769751223846289
PWY-5415	7.525935780085778	0.02321473923821935	0.050556543229899914
PWY-5104	7.482813801993416	0.023720706957997034	0.05137302280405988
GALACTARDEG-PWY	7.433829472144694	0.024308851491013646	0.05207141958730792
GLUCARGALACTSUPER-PWY	7.433829472144694	0.024308851491013646	0.05207141958730792
GLUCARDEG-PWY	7.402317409441924	0.024694895793952627	0.052483724878120544
PWY-5121	7.3963163489577255	0.024769104853194644	0.052483724878120544
PWY-6471	7.366369268894459	0.02514277664943801	0.052842911490021884
PWY0-1298	7.361169847335759	0.025208225634270644	0.052842911490021884
PWY-7187	7.259950845324511	0.026516836114122654	0.05529042423795788
PWY-5304	7.204298900071705	0.027265054545548163	0.05654974276113693
HEME-BIOSYNTHESIS-II	7.193169869598478	0.02741719425629443	0.05656600078140746
P261-PWY	7.169785386081592	0.02773964412733889	0.05693162564354369
PWY-5695	7.01324323656263	0.029998088432064116	0.061246097215464236
PWY-7539	6.963035795226688	0.030760684009461373	0.062477658713517396
P122-PWY	6.950018475054094	0.03096154781372052	0.06256147805658992
ARGORNPROST-PWY	6.936819113666843	0.031166559906124238	0.06265277683692667
PWY-5855	6.832444139689505	0.03283625397599443	0.06309711548328341
PWY-5857	6.832444139689505	0.03283625397599443	0.06309711548328341
PWY-5856	6.832444139689505	0.03283625397599443	0.06309711548328341
PWY-5896	6.868299117418019	0.032252827708221625	0.06309711548328341
PWY-5850	6.868299117418019	0.032252827708221625	0.06309711548328341
PWY-5845	6.868299117418019	0.032252827708221625	0.06309711548328341
PWY-6708	6.832444139689505	0.03283625397599443	0.06309711548328341
PWY-1861	6.909389520452805	0.03159694752938613	0.06309711548328341
PWY-6608	6.8799146039737025	0.03206605445544581	0.06309711548328341
PWY-5973	6.792086980109843	0.03350557319176015	0.06406919361546332
PWY-5419	6.776173095125853	0.03377323859770742	0.06426752199175394
PWY490-3	6.666573466265007	0.03567565580124184	0.06755969601008116
AEROBACTINSYN-PWY	6.62145804807706	0.03648956228665699	0.06876879046331509
LPSSYN-PWY	6.579589615825023	0.03726149437565822	0.06988758753711972
PWY-6737	6.552321733213375	0.037772994360029795	0.07050958947205561
KETOGLUCONMET-PWY	6.537004096252981	0.03806340153566332	0.07071494503308068
PWY-7197	6.516059054797779	0.03846411587953286	0.07112232747536265
PWY-5918	6.363657426534928	0.04150967637476167	0.07639339501834072
PWY-5103	6.294261262100463	0.04297526200489079	0.07836623637518758
3-HYDROXYPHENYLACETATE-DEGRADATION-PWY	6.293971829056642	0.042981481685370734	0.07836623637518758
PWY-7196	6.214375408566411	0.04472656295603687	0.08079637179155047
PWY-2942	6.22094523076953	0.044579881222973794	0.08079637179155047
PWY-5100	6.1779279446407145	0.04554912011713566	0.08190483984365679
DAPLYSINESYN-PWY	6.148160341442008	0.046232134500440836	0.08275340969941922
PWY-5420	6.089707954381569	0.047603262642179726	0.08443655636078937
PWY-5654	6.093350201048892	0.047516650119803855	0.08443655636078937
PWY-5180	6.026466413623019	0.04913256592989572	0.08598199037731752
PWY-3001	6.038280848758859	0.04884318473362207	0.08598199037731752
PWY-5182	6.026466413623019	0.04913256592989572	0.08598199037731752
PWY-7200	6.0088969534506305	0.04956608364013789	0.08635513238637356
PHOSLIPSYN-PWY	5.915231200333892	0.051942621611994984	0.090095166689832
BRANCHED-CHAIN-AA-SYN-PWY	5.894834278761891	0.05247506684765618	0.09061773658273667
PWY-5484	5.8718919921277575	0.05308048162113665	0.09126117892756827
PWY-4722	5.85084377224071	0.053642056299220336	0.09182395663447325
PWY-5178	5.809870388063232	0.0547523387648529	0.09331702954705363
UBISYN-PWY	5.769401903202636	0.055871495319648606	0.09481223448182793
PWY-841	5.70639508193085	0.05765965668222233	0.09742493715272049
PWY-5676	5.627397731817504	0.05998271354173576	0.1009151232118473
PWY0-162	5.603636067953175	0.060699608300527716	0.10168481390515753
GLUCONEO-PWY	5.572238769774458	0.061660029081138344	0.10241835338900945
FAO-PWY	5.580244680669788	0.06141370008275193	0.10241835338900945
PWY-5097	5.558868314559049	0.06207362134870259	0.10251474622133265
PWY-5101	5.545093826072616	0.06250261312984312	0.10251474622133265
TRPSYN-PWY	5.550236851172485	0.062342093353541114	0.10251474622133265
ILEUSYN-PWY	5.478113393887725	0.0646312850357781	0.10312710545961952
PWY-6562	5.477325698966838	0.06465674491658023	0.10312710545961952
PWY-6151	5.507363573638941	0.06369292520744313	0.10312710545961952
DENOVOPURINE2-PWY	5.512176780463278	0.06353982589486451	0.10312710545961952
POLYAMSYN-PWY	5.49551007995251	0.06407153791340925	0.10312710545961952
FERMENTATION-PWY	5.475446643631358	0.06471752026292449	0.10312710545961952
VALSYN-PWY	5.478113393887725	0.0646312850357781	0.10312710545961952
PWY0-1261	5.3570825649790095	0.0686632414095859	0.10897162199416063
PWY-7211	5.292922481927917	0.07090167357739074	0.1120703872674886
PWY-6353	5.161542678241176	0.07571557910482823	0.11919882332968942
COA-PWY	5.103365753745038	0.07795037467582511	0.12222618749169377
PWY-7663	5.076586026103314	0.07900113867181931	0.1233802643798931
THRESYN-PWY	4.99679710573696	0.0822165587246419	0.12789242468277628
PWY-6901	4.968187125658915	0.08340111813361269	0.1292222858038584
PWY-621	4.921819495921909	0.08535726203891479	0.13173246739864014
SALVADEHYPOX-PWY	4.8958975804714555	0.08647077440925158	0.13292762183696713
PWY0-166	4.884824616851802	0.08695084600639506	0.13314348294729245
FUC-RHAMCAT-PWY	4.856296854715538	0.08819999017554567	0.13453072431445098
PYRIDNUCSAL-PWY	4.772077337839164	0.09199337927548301	0.13977288634104396
GALACT-GLUCUROCAT-PWY	4.7424468541821625	0.09336642935626761	0.14131135253921584
PWY-6897	4.708945527784408	0.09494355100913124	0.1431456615214594
PWY-6071	4.673836734543298	0.09662494248909757	0.14512251898745687
PWY0-321	4.637836303188161	0.09837996025654054	0.14663476965993874
GLYCOCAT-PWY	4.641339107372005	0.09820780818609724	0.14663476965993874
HCAMHPDEG-PWY	4.481370921937392	0.10638555623412448	0.15737033224066715
PWY-6690	4.481370921937392	0.10638555623412448	0.15737033224066715
PWY-5686	4.468904557211772	0.10705074778331862	0.15775899673331165
PWY-5971	4.430776774416299	0.10911112865135007	0.16019311772033418
PWY-5005	4.29847431797416	0.11657305056762585	0.17050983515861692
HSERMETANA-PWY	4.24760997050771	0.119575777737691	0.1740914210950958
PWY-6895	4.242029179891915	0.11990990738692824	0.1740914210950958
PWY0-1277	4.183636275840259	0.12346245985342906	0.17858776480643612
TYRFUMCAT-PWY	4.135859775001401	0.12644727103176062	0.18223283178106678
P162-PWY	4.046877664860067	0.13220006862960104	0.1898257395707092
PWY0-1241	3.9416519356454955	0.13934171689638777	0.199350193516
PWY-6545	3.7984508582567287	0.14968451559757934	0.21336847314273127
PWY-5913	3.780981993311343	0.15099765129050924	0.21446043226767977
PWY-5430	3.7440723611927105	0.1538101574895331	0.21766636005738982
PWY-5647	3.7054039331429194	0.15681289019452593	0.22111745667717328
PWY-7254	3.5652358908546375	0.16819723919054422	0.2363201353501553
ANAEROFRUCAT-PWY	3.505805215902001	0.17327027714703888	0.2417151197211361
PWY-6628	3.5073062116418896	0.17314028695789688	0.2417151197211361
P101-PWY	3.4521816959570635	0.17797879802945749	0.24740315187073525
P562-PWY	3.4307178651918093	0.17989913745887887	0.24918891125046116
PWY-6317	3.3437605854862795	0.1878934386126617	0.25782679364804706
PWY-7219	3.341474581863622	0.18810832393709553	0.25782679364804706
PWY-6630	3.351560781702574	0.18716206291375015	0.25782679364804706
PWY-6629	3.2604135244246484	0.1958890674824692	0.26755579948825065
PWY-6505	3.243833472583101	0.19751974276071893	0.26884631653542296
P184-PWY	3.1585521416086784	0.20612426357812297	0.2786231424918076
PWY-6339	3.1585521416086784	0.20612426357812297	0.2786231424918076
PWY-6123	3.0547657464251188	0.2171031108232929	0.29245504963137736
PWY-5667	3.0393507643454996	0.21878289625457017	0.2927061274122577
PWY0-1319	3.0393507643454996	0.21878289625457017	0.2927061274122577
PWY-7007	2.951840658049057	0.22856827220123344	0.30475769626831123
PWY-7377	2.853818454179794	0.24004971600068353	0.3189813175331117
PWY-5677	2.814820041203397	0.2447764287901879	0.3241633786680867
TRNA-CHARGING-PWY	2.7720261444867447	0.25007033211048596	0.32895157780976675
PWY-5347	2.776647166498833	0.24949320883744258	0.32895157780976675
PWY-5088	2.749962125395953	0.25284438394987285	0.3314882893255858
CHLOROPHYLL-SYN	2.7167225183660917	0.25708172226078607	0.33592011708742714
PWY-7208	2.64854159982724	0.2659968533149058	0.346414506642668
NADSYN-PWY	2.6189608844073002	0.2699602799225549	0.3492555436621832
PWY-5651	2.6189608844073002	0.2699602799225549	0.3492555436621832
PWY-5531	2.588480581626355	0.2741060261164275	0.35197066633560115
PWY-5529	2.583768357936951	0.27475261198646417	0.35197066633560115
PWY-7159	2.588480581626355	0.2741060261164275	0.35197066633560115
PWY-6609	2.5769313111031806	0.27569346747639245	0.3520255350187161
GLYCOLYSIS	2.4845757380780924	0.28872290153756236	0.3671410369502684
PWY-6876	2.4798595415523916	0.28940454188171666	0.3671410369502684
PWY-6386	2.334739057313982	0.311184427325754	0.3934977274570825
PWY-5183	2.3110474170028557	0.3148925817908658	0.3969064053441138
PWY0-1479	2.304550695986721	0.3159171295672004	0.3969215217639185
P23-PWY	2.1514329858628116	0.3410533054555665	0.4271338521999427
PWY-5705	2.1150603049299233	0.3473125609453732	0.4335876557025042
PWY-6385	1.9678725838541595	0.37383666860057707	0.465218965369607
PWY0-1296	1.9495945961464258	0.3772688189295701	0.4680043576594667
ASPASN-PWY	1.9377875959855828	0.37950261254530687	0.469290296901452
PWY-6660	1.9096385542579704	0.3848816951930499	0.47001129132609204
PWY-6731	1.9096385542579704	0.3848816951930499	0.47001129132609204
METH-ACETATE-PWY	1.9178463150795522	0.3833054233714756	0.47001129132609204
PWY-6906	1.9097936956831085	0.384851840803627	0.47001129132609204
PWY-6728	1.8043767845656844	0.4056808986684153	0.49387239837894037
TEICHOICACID-PWY	1.7909690549813604	0.40840966498242814	0.4956550732913679
PWY-6387	1.767691426968895	0.41319083873537266	0.49873126046518207
PEPTIDOGLYCANSYN-PWY	1.7662490838936264	0.4134889276815923	0.49873126046518207
PWY-722	1.718943504636099	0.42338567575798136	0.5075449079422896
PWY-3661	1.718943504636099	0.42338567575798136	0.5075449079422896
1CMET2-PWY	1.697850952123872	0.42787444635999594	0.5113621432107268
ANAGLYCOLYSIS-PWY	1.67076412225083	0.433708746522775	0.5167593575590511
GLUCUROCAT-PWY	1.578379800288758	0.4542126038462059	0.5389880114556365
TCA	1.5744108298624724	0.4551148770199379	0.5389880114556365
DTDPRHAMSYN-PWY	1.5378124142050638	0.4635197857882516	0.5472884217740802
PRPP-PWY	1.4679905853035962	0.4799874637293423	0.5650302876333398
PWY-7111	1.4550546289567592	0.4831020739254065	0.5669940508346089
PROTOCATECHUATE-ORTHO-CLEAVAGE-PWY	1.4055855966474442	0.49520037599957456	0.5794583504233828
PWY-5181	1.3820550142886616	0.501060960755719	0.5845711208816723
PWY-4984	1.3178868899458394	0.5173977049518113	0.6018394668875667
PWY-6185	1.279711203322783	0.5273685696905613	0.6116227198778108
PWY-6182	1.2376825477409383	0.5385681291448161	0.6227690460907608
PYRIDOXSYN-PWY	1.220437552051635	0.5432320099329786	0.6263145526286107
PWY-5345	1.2009900484974878	0.5485400282579459	0.6305797392290756
PWY-5417	1.1730045479258409	0.5562695645124939	0.6357366451571359
PWY-5431	1.1730045479258409	0.5562695645124939	0.6357366451571359
PWY-7199	1.0939980829102751	0.5786838133781278	0.6575189995484815
DHGLUCONATE-PYR-CAT-PWY	1.0982061752645331	0.5774675159345298	0.6575189995484815
CATECHOL-ORTHO-CLEAVAGE-PWY	1.074283725815541	0.5844162092587979	0.6621131619348231
PWY-7221	1.0570988172953548	0.5894594145326351	0.6659022780887405
SULFATE-CYS-PWY	1.0138396660563558	0.602348056967259	0.6785070066987515
PWY-6944	0.9964279700919503	0.6076149004878603	0.6824786274820666
PWY-5177	0.924546923322658	0.6298500765409489	0.7054320857258628
PWY-6210	0.8576923076870978	0.651260115339802	0.7071854992055467
PWY-5655	0.8576923076870978	0.651260115339802	0.7071854992055467
CRNFORCAT-PWY	0.9087451522488946	0.634846160655858	0.7071854992055467
PWY-6713	0.8576923076870978	0.651260115339802	0.7071854992055467
PWY-5823	0.8576923076870978	0.651260115339802	0.7071854992055467
LIPASYN-PWY	0.8576923076870978	0.651260115339802	0.7071854992055467
PWY-6338	0.8576923076870978	0.651260115339802	0.7071854992055467
PWY-7097	0.8576923076870978	0.651260115339802	0.7071854992055467
PWY-7644	0.8724141733042211	0.6464838338994856	0.7071854992055467
PWY-7098	0.8576923076870978	0.651260115339802	0.7071854992055467
PWY-7255	0.8576923076870978	0.651260115339802	0.7071854992055467
NONOXIPENT-PWY	0.8156116701218252	0.6651080069415739	0.7202274550306547
PWY-6122	0.7762719396712328	0.6783201059202008	0.73049857560637
PWY-6277	0.7762719396712328	0.6783201059202008	0.73049857560637
PWY-6612	0.738335793718079	0.6913093320405067	0.7424472826298044
CALVIN-PWY	0.7164802565971513	0.6989052279316671	0.7485542331945724
P381-PWY	0.7056924637235661	0.7026852356707392	0.7502725630337534
PWY0-845	0.6961122630732461	0.7060592429118042	0.7502725630337534
PWY-7376	0.6955678336869583	0.7062514687741199	0.7502725630337534
PWY-6121	0.659847178886821	0.7189786688933409	0.7617287519086207
PWY-7616	0.6132306299815335	0.7359336491041644	0.77759027075157
SO4ASSIM-PWY	0.6047838096321811	0.7390483715110056	0.7787821549255757
PWY-6147	0.5692695974580602	0.7522889410357636	0.7906092892386577
PWY-6588	0.4713499360818787	0.7900374196154951	0.8280606109338879
PWY-5741	0.4404104810433235	0.8023541054871042	0.8387274916025196
GALLATE-DEGRADATION-II-PWY	0.4247958304898774	0.8086428622165636	0.8430531967789706
PWY-5941	0.38228919510010734	0.826013140039088	0.8588783843377255
FOLSYN-PWY	0.32162826362764463	0.8514503139260126	0.8829855107380871
PWY-5188	0.28505910532021517	0.8671619269718931	0.8946970562554378
METHYLGALLATE-DEGRADATION-PWY	0.2794651346013834	0.8695907613094944	0.8946970562554378
GALLATE-DEGRADATION-I-PWY	0.2813158921770224	0.8687864326766198	0.8946970562554378
PWY-7229	0.2493495612056904	0.8827839543701193	0.9058934819714313
LEU-DEG2-PWY	0.20505461616549617	0.9025535024106629	0.9237623314490335
PWY-5507	0.15778720668728072	0.9241382444337569	0.9433911245261268
PWY-6126	0.10675576112566887	0.9480217058122272	0.9652584640997223
PWY-7198	0.04825699234483696	0.97616026884053	0.9887721586188314
GLCMANNANAUT-PWY	0.04947731848551484	0.9755648335685316	0.9887721586188314
PWY-6590	0.005151964142429951	0.997427332923534	0.9977466464763147
PWY-5189	0.006282309795324181	0.9968637733678846	0.9977466464763147
CENTFERM-PWY	0.004511792290142694	0.9977466464763147	0.9977466464763147
PWY-7210	0.007952332165578441	0.996031728398847	0.9977466464763147
FUCCAT-PWY	0.017000439405364887	0.9915358050198667	0.9977466464763147
