	cluster
CT1	3
CT10	3
CT11	3
CT12	1
CT13	3
CT14	3
CT15	1
CT16	1
CT17	1
CT18	1
CT19	1
CT2	1
CT20	3
CT21	2
CT22	3
CT23	1
CT24	3
CT25	2
CT26	1
CT27	2
CT28	1
CT29	2
CT3	3
CT30	1
CT31	3
CT32	2
CT33	3
CT34	2
CT35	1
CT36	3
CT37	3
CT38	2
CT39	2
CT4	3
CT40	1
CT41	1
CT42	3
CT43	0
CT44	2
CT45	3
CT46	0
CT47	3
CT48	2
CT49	3
CT5	0
CT50	0
CT51	0
CT52	1
CT53	3
CT54	3
CT55	0
CT56	0
CT57	3
CT6	3
CT7	3
CT8	3
CT9	3
PD1	3
PD10	0
PD100	1
PD101	1
PD102	3
PD103	2
PD104	0
PD105	1
PD106	1
PD107	3
PD108	3
PD109	1
PD11	2
PD110	0
PD111	1
PD112	3
PD113	3
PD114	0
PD115	0
PD116	0
PD117	2
PD118	3
PD119	0
PD12	2
PD120	1
PD121	0
PD122	1
PD123	0
PD124	0
PD125	2
PD126	2
PD127	3
PD128	3
PD129	2
PD13	2
PD130	0
PD131	1
PD132	0
PD133	0
PD134	3
PD135	2
PD136	0
PD137	3
PD138	2
PD139	2
PD14	2
PD140	2
PD141	1
PD142	0
PD143	2
PD144	2
PD145	0
PD146	1
PD147	2
PD148	2
PD149	2
PD15	2
PD150	2
PD151	2
PD152	2
PD153	0
PD154	0
PD155	2
PD156	2
PD157	3
PD158	3
PD159	2
PD16	3
PD160	3
PD161	3
PD162	0
PD163	2
PD164	2
PD165	1
PD166	1
PD167	2
PD168	2
PD169	3
PD17	0
PD170	2
PD171	0
PD172	3
PD173	0
PD174	3
PD175	2
PD176	2
PD177	3
PD178	2
PD179	2
PD18	0
PD180	2
PD181	2
PD182	2
PD183	0
PD184	3
PD185	2
PD186	2
PD187	2
PD188	2
PD189	2
PD19	0
PD190	3
PD191	1
PD192	2
PD193	2
PD194	2
PD195	2
PD196	3
PD197	2
PD198	3
PD199	2
PD2	2
PD20	0
PD200	1
PD201	0
PD202	0
PD203	0
PD204	3
PD205	3
PD206	0
PD207	3
PD208	1
PD209	2
PD21	0
PD210	2
PD211	2
PD212	3
PD213	3
PD214	1
PD215	3
PD216	0
PD217	3
PD218	2
PD219	1
PD220	2
PD221	3
PD222	3
PD223	1
PD224	3
PD225	2
PD226	0
PD227	2
PD228	2
PD229	2
PD23	0
PD230	0
PD231	2
PD232	3
PD233	2
PD234	3
PD235	1
PD236	2
PD237	0
PD238	2
PD239	2
PD24	3
PD240	3
PD241	2
PD242	0
PD243	2
PD244	2
PD245	0
PD246	3
PD247	0
PD248	0
PD249	2
PD25	0
PD250	2
PD251	0
PD252	0
PD253	2
PD254	2
PD255	2
PD256	3
PD257	0
PD258	0
PD259	0
PD26	2
PD260	0
PD261	0
PD27	2
PD28	0
PD29	0
PD3	0
PD30	0
PD31	1
PD32	0
PD33	3
PD34	1
PD35	2
PD36	2
PD37	0
PD38	0
PD39	3
PD4	2
PD40	3
PD41	0
PD42	2
PD43	2
PD44	2
PD45	3
PD46	0
PD47	0
PD48	0
PD49	3
PD5	2
PD50	0
PD51	1
PD52	2
PD53	2
PD54	0
PD55	0
PD56	3
PD57	3
PD58	2
PD59	2
PD6	3
PD60	0
PD61	3
PD62	3
PD63	3
PD64	3
PD65	2
PD66	1
PD67	0
PD68	0
PD69	0
PD7	0
PD70	1
PD71	3
PD72	3
PD73	3
PD74	2
PD75	2
PD76	3
PD77	2
PD78	3
PD79	3
PD8	2
PD80	3
PD81	0
PD82	0
PD83	0
PD84	2
PD85	0
PD86	3
PD87	3
PD88	0
PD89	3
PD9	0
PD90	0
PD91	2
PD92	0
PD93	1
PD94	1
PD95	0
PD96	0
PD97	0
PD98	1
PD99	3
PV1	2
PV10	2
PV100	2
PV101	2
PV102	1
PV103	2
PV104	2
PV105	2
PV106	2
PV107	2
PV108	2
PV109	2
PV11	2
PV110	2
PV111	1
PV112	2
PV113	2
PV114	2
PV115	1
PV116	2
PV117	3
PV118	3
PV119	2
PV12	2
PV120	2
PV121	1
PV122	3
PV123	1
PV124	3
PV125	1
PV126	0
PV127	1
PV128	0
PV129	0
PV13	2
PV130	0
PV131	1
PV132	1
PV133	3
PV134	3
PV135	1
PV136	3
PV137	0
PV138	3
PV139	2
PV14	2
PV140	1
PV141	2
PV142	3
PV143	0
PV144	3
PV145	1
PV146	3
PV147	2
PV148	3
PV149	2
PV15	2
PV150	3
PV151	2
PV152	1
PV153	0
PV154	1
PV155	1
PV156	2
PV157	2
PV158	1
PV159	2
PV16	2
PV160	2
PV161	2
PV162	1
PV163	1
PV164	1
PV165	1
PV166	3
PV17	1
PV18	2
PV19	2
PV2	3
PV20	2
PV21	3
PV22	3
PV23	3
PV24	2
PV25	2
PV26	1
PV27	2
PV28	3
PV29	2
PV3	2
PV30	2
PV31	3
PV32	2
PV33	2
PV34	2
PV35	2
PV36	3
PV37	3
PV38	2
PV39	3
PV4	0
PV40	2
PV41	2
PV42	1
PV43	2
PV44	0
PV45	0
PV46	3
PV47	2
PV48	1
PV49	2
PV5	2
PV50	2
PV51	3
PV52	2
PV53	3
PV54	3
PV55	1
PV56	2
PV57	3
PV58	3
PV59	2
PV6	2
PV60	1
PV61	3
PV62	1
PV63	2
PV64	2
PV65	2
PV66	1
PV67	2
PV68	2
PV69	1
PV7	3
PV70	1
PV71	1
PV72	1
PV73	2
PV74	3
PV75	2
PV76	2
PV77	2
PV78	2
PV79	1
PV8	3
PV80	1
PV81	2
PV82	2
PV83	1
PV84	2
PV85	2
PV86	3
PV87	2
PV88	1
PV89	2
PV9	2
PV90	2
PV91	2
PV92	2
PV93	2
PV94	2
PV95	2
PV96	2
PV97	2
PV98	1
PV99	2
