	tSNE-1	tSNE-2	cluster
CT1	10.347387	14.635937	3
CT10	-12.639671	11.675117	3
CT11	-9.003944	9.390842	3
CT12	17.423843	35.18694	1
CT13	-6.4377637	6.93106	3
CT14	8.734602	6.947963	3
CT15	15.269305	31.211401	1
CT16	19.784365	38.780212	1
CT17	22.218355	37.08294	1
CT18	15.68573	27.246984	1
CT19	5.957377	21.782757	1
CT2	19.446335	39.92317	1
CT20	-4.7363663	8.843938	3
CT21	2.1754792	-7.677182	2
CT22	6.4362087	2.765092	3
CT23	21.346556	40.537373	1
CT24	-2.0966866	8.822776	3
CT25	-4.397803	-7.806484	2
CT26	21.5357	41.1288	1
CT27	13.075887	1.4205086	2
CT28	24.355347	39.089252	1
CT29	-2.9462838	-8.353136	2
CT3	-4.3108764	2.1432414	3
CT30	11.833048	28.472921	1
CT31	0.63332367	4.5065985	3
CT32	8.288473	0.60128576	2
CT33	-5.23269	5.685637	3
CT34	-2.3794556	-1.8037541	2
CT35	12.292333	30.504421	1
CT36	-1.0909506	5.4480677	3
CT37	-0.8294144	19.558245	3
CT38	-2.9778028	-0.2771637	2
CT39	-5.8291955	-15.615467	2
CT4	-12.72444	17.799906	3
CT40	14.342459	26.323479	1
CT41	5.4343114	31.35434	1
CT42	-8.074774	21.140297	3
CT43	-17.559803	-7.7821345	0
CT44	13.340633	-9.240143	2
CT45	-10.63944	18.51459	3
CT46	-20.684649	-0.62229055	0
CT47	-5.9684877	9.256437	3
CT48	18.265514	-10.009037	2
CT49	9.021186	7.5743604	3
CT5	-18.775705	6.3770185	0
CT50	-24.335144	-20.936869	0
CT51	-17.829203	-12.410611	0
CT52	18.163555	32.80753	1
CT53	-4.024585	6.9335914	3
CT54	-16.932112	16.071363	3
CT55	-32.421684	-13.232241	0
CT56	-20.87748	-15.574577	0
CT57	4.5997186	7.8907466	3
CT6	-19.127789	10.423027	3
CT7	-9.300264	19.922104	3
CT8	-3.57431	4.834331	3
CT9	-6.0443683	17.93822	3
PD1	-10.001865	11.047457	3
PD10	-28.771759	-20.039915	0
PD100	9.325827	26.017258	1
PD101	5.8799596	24.219496	1
PD102	9.450621	3.3863199	3
PD103	-4.8401036	-3.728401	2
PD104	-32.378067	-7.7830744	0
PD105	2.0030148	22.579102	1
PD106	18.658468	35.276	1
PD107	-5.37258	19.201248	3
PD108	-1.3981112	15.992469	3
PD109	23.421278	38.517742	1
PD11	17.595192	-2.2540402	2
PD110	-28.662823	3.060408	0
PD111	12.498914	34.432087	1
PD112	-10.019541	2.6163728	3
PD113	0.45109493	21.514458	3
PD114	-30.71979	-14.984041	0
PD115	-22.38211	-17.044271	0
PD116	-27.556559	-5.9631352	0
PD117	12.558729	-33.55922	2
PD118	5.3107734	8.490431	3
PD119	-24.56808	-14.553332	0
PD12	-1.273203	-31.059244	2
PD120	4.7442265	26.183313	1
PD121	-32.621544	-6.1727333	0
PD122	22.264486	44.536514	1
PD123	-24.82938	-6.509624	0
PD124	-26.26014	-8.261963	0
PD125	-0.33975795	-10.346115	2
PD126	16.111404	1.3241225	2
PD127	7.621531	8.966057	3
PD128	-13.104902	19.440287	3
PD129	-7.1075883	-13.36314	2
PD13	11.922005	-30.620234	2
PD130	-24.569168	-20.00831	0
PD131	5.303812	25.819717	1
PD132	-14.458279	-10.247207	0
PD133	-27.471699	-21.37651	0
PD134	0.21225889	16.780949	3
PD135	-6.0237303	-7.518183	2
PD136	-22.763824	-19.771254	0
PD137	-7.904405	8.466037	3
PD138	3.6461022	-24.773127	2
PD139	17.707989	-17.00658	2
PD14	-4.447919	-26.899834	2
PD140	6.7859592	-28.589886	2
PD141	6.8431687	29.851776	1
PD142	-26.230345	-4.215674	0
PD143	18.419079	-7.537755	2
PD144	14.272527	-8.464212	2
PD145	-25.306688	-17.590374	0
PD146	17.56945	36.476837	1
PD147	11.294735	-23.557438	2
PD148	-5.1633077	-25.61006	2
PD149	-11.76898	-2.2619407	2
PD15	13.806763	-20.502096	2
PD150	15.486675	-1.4155484	2
PD151	-1.791111	-28.34802	2
PD152	6.734606	-22.139841	2
PD153	-31.830557	-5.2946563	0
PD154	-26.251356	-5.5119743	0
PD155	13.377252	-25.587744	2
PD156	14.6541395	-2.2112286	2
PD157	6.9045916	12.351947	3
PD158	-1.2463477	3.5168924	3
PD159	0.5647765	-11.912562	2
PD16	-6.292055	21.047268	3
PD160	2.7244828	16.97868	3
PD161	-6.9840627	11.399001	3
PD162	-32.524113	-8.801268	0
PD163	18.736073	-3.0760486	2
PD164	-2.0023155	-4.7409697	2
PD165	26.52213	42.07326	1
PD166	14.150762	29.95325	1
PD167	-2.8130445	-12.290529	2
PD168	0.3502244	-5.8303995	2
PD169	-9.733121	0.48289675	3
PD17	-25.976751	-17.245277	0
PD170	12.205228	-15.086726	2
PD171	-19.92816	-15.42409	0
PD172	-2.7639964	2.6328542	3
PD173	-26.796427	-20.13996	0
PD174	6.067631	7.0776515	3
PD175	-4.302397	-19.783201	2
PD176	5.136968	-10.141473	2
PD177	-1.8764015	16.225058	3
PD178	15.138783	-6.7799716	2
PD179	10.398695	-3.117546	2
PD18	-33.906723	-17.149494	0
PD180	1.0118994	-11.861247	2
PD181	2.8028002	-9.5446205	2
PD182	-4.0569115	-16.116858	2
PD183	-28.085098	-10.059814	0
PD184	10.303125	14.100072	3
PD185	-9.241055	-7.1351557	2
PD186	1.614421	-8.495804	2
PD187	2.5082934	-22.585085	2
PD188	3.8468602	-8.137936	2
PD189	-7.156738	-11.666259	2
PD19	-25.606037	2.9212341	0
PD190	-3.3727853	7.484221	3
PD191	26.048222	39.620975	1
PD192	-3.2177792	-11.518031	2
PD193	16.921547	-19.009308	2
PD194	10.626392	-29.966152	2
PD195	-5.458449	-9.206899	2
PD196	-5.216503	13.726638	3
PD197	8.951172	-3.984793	2
PD198	-0.81497157	22.287941	3
PD199	12.445362	-0.39703298	2
PD2	13.954288	-13.384703	2
PD20	-19.975134	6.8602633	0
PD200	21.695469	42.755688	1
PD201	-18.547823	-6.013933	0
PD202	-18.50259	-6.476257	0
PD203	-31.64143	-14.442823	0
PD204	-16.569021	14.316318	3
PD205	9.836047	17.320057	3
PD206	-32.56534	-16.248354	0
PD207	0.31686664	13.124443	3
PD208	22.306438	35.03596	1
PD209	7.399981	-28.468962	2
PD21	-19.581932	7.488944	0
PD210	-4.773255	-24.56903	2
PD211	-5.118915	-17.641834	2
PD212	-6.0139694	10.436656	3
PD213	-7.69381	21.688156	3
PD214	19.235981	41.356716	1
PD215	0.9512002	14.681656	3
PD216	-26.784071	-1.9709445	0
PD217	-17.426153	9.51891	3
PD218	8.53401	-11.258841	2
PD219	27.656387	42.084843	1
PD220	11.49643	-18.27706	2
PD221	-4.073098	15.881881	3
PD222	-4.4527717	19.339643	3
PD223	22.816492	40.799988	1
PD224	-1.9001834	14.545506	3
PD225	9.716979	-19.866331	2
PD226	-32.540134	-11.902034	0
PD227	14.02063	-30.219465	2
PD228	10.980518	-0.8125222	2
PD229	3.6437304	-14.498819	2
PD23	-21.844677	6.8116927	0
PD230	-28.521938	4.698452	0
PD231	6.8086443	-4.866162	2
PD232	-8.050463	9.594688	3
PD233	1.8295208	0.15210423	2
PD234	-10.435206	17.077656	3
PD235	26.298906	38.84104	1
PD236	19.853191	-22.990667	2
PD237	-18.67373	-1.8113672	0
PD238	17.435272	-0.89647335	2
PD239	19.802044	-23.017616	2
PD24	-15.785544	5.7875166	3
PD240	2.6767066	15.416139	3
PD241	-5.772096	-18.414238	2
PD242	-18.327864	-14.914867	0
PD243	17.952187	-6.2864985	2
PD244	18.22553	-10.655334	2
PD245	-27.94008	-2.4924018	0
PD246	2.6440463	12.222679	3
PD247	-27.399912	-1.4164333	0
PD248	-32.008648	-19.288082	0
PD249	-8.848838	-8.143671	2
PD25	-31.222176	-8.350953	0
PD250	6.88265	-1.7847185	2
PD251	-27.773453	-7.6300087	0
PD252	-27.321323	-18.212118	0
PD253	10.162625	-26.094168	2
PD254	-8.934581	-10.17494	2
PD255	7.656572	-17.40622	2
PD256	-21.34845	11.3569565	3
PD257	-16.478039	-15.837368	0
PD258	-32.59963	-14.972537	0
PD259	-25.614765	0.052702524	0
PD26	7.126341	-15.40103	2
PD260	-29.67779	2.8670769	0
PD261	-26.720049	-9.574176	0
PD27	11.278618	-31.750042	2
PD28	-28.13696	-4.7412133	0
PD29	-24.592524	3.9288964	0
PD3	-33.081844	-14.429181	0
PD30	-35.312206	-7.9838047	0
PD31	20.617718	43.201508	1
PD32	-34.94298	-19.10587	0
PD33	-11.24062	6.53259	3
PD34	16.373148	41.67903	1
PD35	13.04967	-33.278893	2
PD36	10.474147	-32.236942	2
PD37	-29.664154	-4.520289	0
PD38	-34.105064	-7.117696	0
PD39	-13.020718	9.085821	3
PD4	13.101752	-30.536465	2
PD40	-8.8033495	11.397411	3
PD41	-35.244087	-19.055746	0
PD42	1.366047	-10.981964	2
PD43	3.6310408	-23.585224	2
PD44	-12.752385	-14.254537	2
PD45	-5.4779954	4.0960674	3
PD46	-17.291195	-4.4826617	0
PD47	-25.516497	-9.3561535	0
PD48	-29.399729	-8.185235	0
PD49	-16.116999	9.786425	3
PD5	15.515151	-0.038832743	2
PD50	-26.744287	-10.036627	0
PD51	23.108812	34.46969	1
PD52	9.114792	-26.885044	2
PD53	-13.334723	-12.73726	2
PD54	-30.528719	-19.663424	0
PD55	-25.938692	-2.4236603	0
PD56	-10.168676	20.876125	3
PD57	5.631648	13.4521055	3
PD58	17.19398	-7.580965	2
PD59	8.268137	-5.821527	2
PD6	5.7402987	14.145493	3
PD60	-23.905684	-18.064714	0
PD61	-9.456751	8.548046	3
PD62	-8.073328	19.096117	3
PD63	-0.42874074	17.390938	3
PD64	10.466572	3.4321315	3
PD65	-1.7847052	-15.283731	2
PD66	18.579329	37.994164	1
PD67	-26.11896	-0.98694074	0
PD68	-26.291588	-6.586074	0
PD69	-19.733126	-1.8909897	0
PD7	-32.14006	-18.771666	0
PD70	19.036123	42.625732	1
PD71	14.78657	6.597284	3
PD72	-9.018483	12.3222475	3
PD73	1.4902645	13.711544	3
PD74	9.549806	-21.191938	2
PD75	12.5604	-1.7256107	2
PD76	-0.04735775	15.378261	3
PD77	-5.788907	-26.73757	2
PD78	1.7297959	17.144419	3
PD79	-10.35499	9.458048	3
PD8	-2.470719	-19.199373	2
PD80	-4.4296074	13.049093	3
PD81	-22.702328	-2.000339	0
PD82	-28.41322	-18.878912	0
PD83	-25.652666	3.3215883	0
PD84	13.133947	-34.189934	2
PD85	-33.394985	-4.6427712	0
PD86	-10.955114	13.363509	3
PD87	3.316112	3.7993674	3
PD88	-25.425646	-14.909744	0
PD89	2.9905407	14.148035	3
PD9	-24.703482	-21.31373	0
PD90	-29.191511	-19.526413	0
PD91	-2.1439157	-24.779821	2
PD92	-34.128372	-6.5096745	0
PD93	4.517933	23.506098	1
PD94	17.748608	29.11114	1
PD95	-29.335192	-17.542103	0
PD96	-22.547804	-12.554816	0
PD97	-30.209444	-14.376809	0
PD98	23.907393	33.642357	1
PD99	-0.040770896	22.812672	3
PV1	14.766978	-27.96546	2
PV10	11.707811	-14.848199	2
PV100	12.225115	-29.825588	2
PV101	5.8946095	-8.573596	2
PV102	24.931717	46.96409	1
PV103	4.5467997	-14.370145	2
PV104	-2.852824	-28.420376	2
PV105	7.003307	-22.824257	2
PV106	5.693328	-8.120346	2
PV107	15.216515	-18.253065	2
PV108	10.310575	-25.860409	2
PV109	8.105252	-27.300749	2
PV11	-7.4140863	-17.152708	2
PV110	-1.2678574	-26.843416	2
PV111	13.502101	25.05832	1
PV112	13.65923	-19.617117	2
PV113	14.964012	-24.874088	2
PV114	14.766374	-25.715889	2
PV115	24.414753	42.513676	1
PV116	14.842393	-21.358767	2
PV117	-8.474905	16.853909	3
PV118	-1.6485572	3.8112004	3
PV119	-0.84322923	-13.804534	2
PV12	11.280667	-12.457337	2
PV120	12.778119	-28.534416	2
PV121	10.220005	26.536095	1
PV122	1.4189798	20.92567	3
PV123	15.631659	34.011364	1
PV124	-15.421557	7.866926	3
PV125	3.9078484	23.286242	1
PV126	-20.280054	6.317654	0
PV127	19.504686	37.46363	1
PV128	-20.573332	-3.2550876	0
PV129	-20.712442	-2.4446564	0
PV13	6.532469	-21.35702	2
PV130	-20.212502	4.634476	0
PV131	12.8171425	32.973164	1
PV132	7.7373924	31.611727	1
PV133	-16.057749	5.003673	3
PV134	-11.074225	7.727726	3
PV135	16.474207	36.572453	1
PV136	-2.4916825	17.04729	3
PV137	-21.395329	-5.559873	0
PV138	12.732422	8.226496	3
PV139	13.200774	-4.245519	2
PV14	1.0655768	-3.1107478	2
PV140	10.502405	24.962969	1
PV141	8.288707	-11.657613	2
PV142	12.540916	7.598145	3
PV143	-18.302376	-7.928092	0
PV144	7.8673854	3.3847084	3
PV145	20.913961	38.1627	1
PV146	-11.4786005	14.046161	3
PV147	11.576642	-11.721093	2
PV148	13.565672	4.6318884	3
PV149	-7.457622	-26.022902	2
PV15	1.2854581	-0.031886157	2
PV150	-11.555163	18.258928	3
PV151	-0.5795705	-27.642918	2
PV152	24.162367	45.86472	1
PV153	-16.890467	-8.246402	0
PV154	25.400871	43.830112	1
PV155	13.248124	27.813826	1
PV156	11.593835	1.2039349	2
PV157	17.825048	-12.878862	2
PV158	23.25639	44.68083	1
PV159	-3.8169694	-27.814207	2
PV16	-4.007891	-18.556221	2
PV160	8.758781	-9.465331	2
PV161	14.41738	-0.24765188	2
PV162	22.733671	42.58935	1
PV163	22.899323	43.68351	1
PV164	17.841444	37.32376	1
PV165	8.391509	31.94485	1
PV166	-16.917181	7.5376015	3
PV17	15.566716	39.071304	1
PV18	2.3390584	-13.835388	2
PV19	7.2891207	-26.683971	2
PV2	-0.5885282	11.290569	3
PV20	-10.90461	-13.87708	2
PV21	0.46969667	8.647543	3
PV22	0.097488694	7.850005	3
PV23	9.510961	8.680889	3
PV24	14.749476	-24.147896	2
PV25	7.5028324	-12.441224	2
PV26	6.5952187	30.87066	1
PV27	4.7474074	-13.100331	2
PV28	-9.984588	1.6468511	3
PV29	8.623874	-15.690883	2
PV3	-7.44588	-19.241705	2
PV30	-3.0946264	-6.920605	2
PV31	14.277395	4.735626	3
PV32	-4.051285	-5.018109	2
PV33	11.4613495	-5.7631607	2
PV34	-5.00635	-10.61522	2
PV35	-0.37710932	-3.8523607	2
PV36	13.230384	6.049347	3
PV37	8.133168	6.191897	3
PV38	17.653563	-9.078166	2
PV39	-16.068068	8.66178	3
PV4	-27.602663	4.0580573	0
PV40	-6.7212934	-8.006992	2
PV41	15.810733	-3.0257165	2
PV42	22.480547	45.657337	1
PV43	5.763644	-1.3359393	2
PV44	-22.309608	-15.170068	0
PV45	-21.317291	-15.130471	0
PV46	-2.5339308	6.219062	3
PV47	-4.7370834	-5.5228496	2
PV48	10.404179	24.338732	1
PV49	7.4472504	-4.9905124	2
PV5	-1.671381	-2.1952825	2
PV50	0.30585217	-15.865302	2
PV51	-17.066446	15.309858	3
PV52	16.528963	-4.033084	2
PV53	-5.254477	7.878792	3
PV54	-15.361998	4.77596	3
PV55	20.572927	44.42282	1
PV56	1.6874089	-14.2210455	2
PV57	-1.0596445	6.471928	3
PV58	1.022303	6.5625706	3
PV59	10.640809	1.0224907	2
PV6	-0.18749477	-7.7868156	2
PV60	6.5997567	24.520576	1
PV61	11.6871805	5.2445583	3
PV62	17.03501	40.92989	1
PV63	-1.5156586	-7.342673	2
PV64	16.036955	-25.239515	2
PV65	14.237379	-5.5262775	2
PV66	18.834555	33.526554	1
PV67	8.871652	-8.608934	2
PV68	-3.882938	-13.657447	2
PV69	21.437805	43.77675	1
PV7	14.859981	3.7680538	3
PV70	21.64859	39.54908	1
PV71	19.09199	34.305374	1
PV72	22.373161	38.19349	1
PV73	-1.2157626	-12.237459	2
PV74	2.0650473	6.9033756	3
PV75	-7.4308734	-25.300098	2
PV76	16.538666	-18.295897	2
PV77	5.6928616	-11.834136	2
PV78	11.213934	-13.483795	2
PV79	25.797853	46.737125	1
PV8	6.207541	2.404537	3
PV80	12.6283655	27.13068	1
PV81	12.172166	-21.031313	2
PV82	-0.8037918	-12.826863	2
PV83	13.669321	31.112389	1
PV84	-7.6410804	-10.826344	2
PV85	10.555826	-20.52444	2
PV86	-3.8312833	10.527948	3
PV87	3.2691329	0.6945428	2
PV88	24.849207	37.639412	1
PV89	12.912739	-5.5603023	2
PV9	-4.5366964	-17.728582	2
PV90	14.595344	-17.704893	2
PV91	12.352887	-21.93113	2
PV92	16.849234	-7.1943345	2
PV93	2.8017676	-5.6579833	2
PV94	15.203775	-26.571596	2
PV95	0.5021912	-21.296452	2
PV96	-2.3683882	-25.657139	2
PV97	-11.757521	-13.774868	2
PV98	25.802088	45.14861	1
PV99	2.9494233	-25.87678	2
