	chao1	observed_features	shannon_entropy	simpson_e	faith_pd
CT1	131.5	124	4.853945836923823	0.106516987064935	12.21656114039512
CT10	226.05555555555557	221	5.808589215778258	0.0791315368275671	19.05275359501861
CT11	173.75	165	5.73771268250567	0.1701182641758358	14.79380816213343
CT12	211.66666666666663	199	6.0373811134587445	0.1990002173360974	17.3039883092798
CT13	287.2307692307692	263	5.803081452290443	0.0880682056266206	23.31516926886344
CT14	214.8823529411765	211	6.0718655798889625	0.1617152298687874	16.46082594513636
CT15	290.5	279	6.682331834867706	0.2141500502288942	19.72402840627593
CT16	262.0357142857143	253	5.92377216944978	0.0879970588003862	18.11983906480578
CT17	200.3636363636364	188	5.677447493231689	0.1281186697846446	16.26832523550932
CT18	257.4761904761905	242	6.108149426323958	0.1562911377811031	18.92749354460239
CT19	283.3157894736842	270	6.526993864420475	0.159098995658952	21.41715939855392
CT2	208.25	206	6.104575561074203	0.1714592828234038	18.66583337391848
CT20	209.05555555555557	204	5.7084804508535285	0.1254472910977193	15.4941704128223
CT21	145.14285714285714	140	5.461043339195685	0.168932638988653	13.52912822257315
CT22	218.4375	204	5.7508837708478975	0.1423452595430084	14.49867834836003
CT23	250.5	245	6.507833306290818	0.2076198908326308	17.81076683350907
CT24	262.0	249	6.114294628721079	0.1416394310329324	18.79599618161058
CT25	159.33333333333334	157	5.461543332085506	0.1014862744045845	12.10311015789666
CT26	274.7894736842105	259	6.457893217421009	0.1708222848753569	22.32278254899921
CT27	178.9090909090909	168	5.201907076946194	0.0857900197710993	15.65198357049396
CT28	200.7692307692308	189	5.456129433471025	0.100116281055795	16.2398464946452
CT29	146.33333333333334	144	5.156974137105868	0.1043134147785771	12.5030466936039
CT3	134.3	134	5.554119494656837	0.1826710643824239	12.51802717827544
CT30	233.15384615384616	220	6.062494975098724	0.1525988065064224	18.3436875172064
CT31	267.05263157894734	259	6.506943571658032	0.1868034845275904	18.37034875754106
CT32	217.4375	214	6.0447024307156125	0.1320645996419136	17.41265406555709
CT33	242.0	228	6.200681771921777	0.1549134340012878	19.02588589817734
CT34	253.9375	232	6.267152984557768	0.1605825823035835	18.55065901115861
CT35	225.0	218	6.051244166439728	0.1399296185362997	17.27251386061223
CT36	229.95454545454547	223	6.3676450675428375	0.2146900913536824	17.32288219831754
CT37	286.0434782608696	276	6.432955775063671	0.1319365370479907	19.61893963046976
CT38	226.63636363636363	218	5.941506316985413	0.1380381246502597	16.30289961606931
CT39	152.75	149	5.2378319044046	0.1295820494527448	13.76450667757548
CT4	194.4	183	5.641900164257504	0.1377452520465101	18.7049891119489
CT40	170.5625	161	5.221731074744316	0.1180862806053158	15.3105732331285
CT41	150.0	139	5.246690467110216	0.1067027739748494	14.62052838920491
CT42	326.1428571428572	279	5.460178584784326	0.0594972437919662	19.83221025687533
CT43	319.42857142857144	307	5.269716997291979	0.0226361635169974	23.77371575463205
CT44	235.2	225	5.650156127239069	0.0630557000319282	17.95220405902013
CT45	167.0909090909091	163	5.498683683636375	0.1401926859305567	16.17965980276229
CT46	238.66666666666663	233	5.039319042789569	0.0491551187709475	21.42716728138257
CT47	190.3	187	5.483501845402733	0.1048722548441936	16.83989641892041
CT48	155.375	144	5.09753460212979	0.113776354062402	12.78570833758979
CT49	242.1	207	5.963596648641868	0.1369065639863055	14.99098583377747
CT5	148.05555555555554	145	4.790545797294462	0.0816611858128584	13.9441520322195
CT50	83.0	78	2.9685757276627287	0.041900529443693	9.517853722417856
CT51	157.0	146	4.621259867762229	0.0719341494999199	15.34531160036415
CT52	249.05263157894737	241	5.925402703042733	0.0912484170612414	19.94532387011018
CT53	247.83333333333331	235	6.269744692625545	0.1729596418047328	19.83365905792787
CT54	111.0	107	4.3828927847203065	0.0868290657310614	12.14578241468592
CT55	86.75	83	4.279291296142612	0.1195488014956492	8.483182800154452
CT56	80.2	79	3.929264263289395	0.0926587038914584	9.475045378754194
CT57	127.42857142857144	126	5.463767084460535	0.208696203857791	12.87200889812618
CT6	145.83333333333334	140	4.815167732898981	0.1078106904649422	14.48732841242114
CT7	203.83333333333331	198	5.747510945119426	0.1312318515535531	16.13432473572152
CT8	212.12	206	5.83756196237132	0.1364771369542337	15.844733256304
CT9	243.73076923076923	234	6.052146391025417	0.1528961063679375	18.37892010392387
PD1	249.04761904761904	210	5.529230995790516	0.1134186513796471	14.79443738478485
PD10	54.142857142857146	49	3.069717514769206	0.1141772915296777	5.658095135615881
PD100	156.0	137	5.217613436601708	0.1498885595047823	12.52005481491164
PD101	292.7	268	6.273900933256905	0.1493086769363961	19.78240438959572
PD102	207.2142857142857	195	6.111892963517863	0.2004805840368297	14.45571975720269
PD103	292.1363636363636	253	5.792019622644306	0.0915778823523525	19.21817515653136
PD104	198.4	154	4.688311314143054	0.0881050080595818	13.81592045252839
PD105	297.9130434782609	279	6.575711182197918	0.1940280321533786	19.32802337548917
PD106	248.8	224	5.991393439877598	0.1667235216105161	15.83746114458728
PD107	148.54545454545453	148	5.496645477428462	0.1597029412861207	14.02009987907292
PD108	141.57142857142858	139	5.292806674634933	0.1382739561827642	11.66950059599938
PD109	191.33333333333331	180	5.5284739577694255	0.139430926616109	13.95687269659529
PD11	177.27272727272728	169	5.606787708216996	0.15620356556132	14.53213027394365
PD110	107.875	101	4.386866143417224	0.0850433213655552	11.1484621421916
PD111	177.58823529411765	152	4.886966704848927	0.1079263307644679	12.86706003396493
PD112	165.11111111111111	155	5.617979861706493	0.1743540622238613	14.90410318760059
PD113	356.1290322580645	315	6.682233733833772	0.173453972652761	22.14429142992683
PD114	147.0	130	4.8078584204521375	0.1105629009370117	12.373708819573
PD115	162.1764705882353	156	5.364330732106879	0.1371338589048815	13.12956686546248
PD116	67.75	64	3.65131161589354	0.0937464601336653	6.252095264616623
PD117	163.53846153846155	149	4.061437512443554	0.0473034478450026	15.70001219827654
PD118	275.4	258	6.434570471308263	0.1807140309178286	18.03904322860721
PD119	118.42857142857144	112	3.932198802860493	0.0631579964278645	9.387243527540312
PD12	124.0	94	2.6214695715227703	0.0357179885981636	8.3426809281451
PD120	179.0909090909091	175	5.535149422988888	0.1240308154561	15.3294028406146
PD121	139.375	128	4.865706284934849	0.1061815969657818	10.62001610923684
PD122	170.85714285714286	163	5.675651920410154	0.1372909424483645	12.03703159865579
PD123	111.76923076923076	109	4.790677472171465	0.1408321729724633	10.97111355466869
PD124	103.33333333333331	85	3.5641571555431577	0.0554631711675991	7.734157633185591
PD125	130.875	129	4.853019635542394	0.1105438450527971	11.84281980291629
PD126	244.75	236	6.014644107132624	0.1132206708554812	19.12045145782481
PD127	133.0	129	5.018781241227487	0.1438048405871284	11.76224113754219
PD128	182.57142857142856	169	4.771647952996499	0.0619559345032739	15.27546818839302
PD129	185.0	175	5.288675130663992	0.113095362971368	13.27670833077261
PD13	115.3	100	3.419549938234117	0.0433270569758598	9.548478498802346
PD130	97.42857142857144	97	4.199546782679152	0.0759612149996947	12.19864064135697
PD131	223.1764705882353	217	5.983883594130433	0.1420564728006261	15.87587337307457
PD132	147.0	141	4.173278801632735	0.0471292346947595	12.98490634843001
PD133	90.6	75	3.374691795826293	0.0725688430679538	7.998548926539145
PD134	134.16666666666666	134	5.7131020670326045	0.2303534364374429	12.36064707796989
PD135	116.5	115	5.125893525775733	0.1492082206090094	10.50679545730423
PD136	102.42857142857144	101	4.627541041362142	0.1062367402339024	9.363975913413617
PD137	142.0	130	5.2578952778508485	0.1660776391040563	11.77174805881196
PD138	72.6	67	3.738598681603092	0.1155438929966309	9.77106678621343
PD139	94.0	93	4.929561512260548	0.1855889876423976	11.3804375400699
PD14	131.0	118	4.1355696331461616	0.0582510361723439	11.13589215056684
PD140	64.0	58	3.670973162309018	0.1422844374267989	10.29141554720482
PD141	220.8125	218	5.960428017103292	0.1299585111092122	18.61252585115133
PD142	57.5	57	3.6339898723744217	0.122442171707137	8.16294293341741
PD143	145.625	143	5.241201905877759	0.1184349294964325	12.36101048019532
PD144	118.875	117	5.154871815155852	0.1522828425497925	10.92884177727741
PD145	84.33333333333333	81	4.395589652278032	0.14576584447617	9.260713017884322
PD146	159.15384615384616	158	6.035928830610676	0.2508827283709459	14.51458610494413
PD147	125.07142857142856	124	5.181249732720225	0.1291540555050196	12.90392159818005
PD148	120.375	120	5.174884303075141	0.1930634615043041	11.61620318089876
PD149	97.33333333333331	97	4.867761582300168	0.1505035338034082	9.033125741994573
PD15	214.0	191	5.470050463714561	0.1129425738333163	14.35351554179077
PD150	105.0	103	5.067201210822582	0.1716747245345996	10.38599150308916
PD151	67.0	63	3.85934100060788	0.1561217391609532	7.462714236646203
PD152	86.0	77	3.991381672002759	0.1131763470561193	8.341488623011927
PD153	133.0	124	4.933757954301273	0.1328610367939615	11.21680966544108
PD154	81.625	76	3.2056766023142544	0.0560612253162985	10.18560416052983
PD155	137.06666666666666	128	3.686337679178955	0.0376039771025111	11.64312485327103
PD156	163.4	159	5.250250202664393	0.1184415999115004	14.08451601890397
PD157	142.5625	133	4.114443770981232	0.0537691634602474	11.05644466048624
PD158	162.23076923076923	158	5.550515724783029	0.1579283370101261	12.98857415980773
PD159	100.66666666666669	96	4.678991381565235	0.1524877014399132	10.46259295727743
PD16	117.54545454545456	117	4.447603124681432	0.0652022224041885	11.09744674021791
PD160	146.5	143	5.422403123365197	0.1724300354181983	10.95259132154446
PD161	139.58333333333334	135	5.106586972509137	0.1297074800591611	11.62109251898956
PD162	98.54545454545456	98	3.940253370619349	0.0775614465280513	9.867738022210249
PD163	112.0909090909091	108	4.533393665662097	0.1162913220047723	12.49094904238678
PD164	144.33333333333334	135	5.274169915967449	0.1654460635161666	12.27363459090481
PD165	80.11111111111111	79	4.379621630873178	0.1708747589140842	9.952697185045308
PD166	327.64	325	7.143332598434253	0.2173084909163964	25.30018577224584
PD167	82.5	79	3.8562932476384257	0.1081802176495973	10.12617579074827
PD168	201.2142857142857	198	5.633626639924115	0.1027538335657111	14.9099327224936
PD169	142.1	133	4.807034663308577	0.1003270891853204	11.51450341656377
PD17	145.76923076923077	143	4.640783645358852	0.0607953603354443	12.06733902367025
PD170	174.42857142857142	165	5.897906046172542	0.2035409241112115	15.4001864239014
PD171	104.3125	103	3.812857283470888	0.0638073858999132	11.28146818648641
PD172	147.66666666666666	146	4.871261828301426	0.1072668594712663	12.53939918392152
PD173	71.6	66	3.154911050063097	0.0542937673172278	8.081741481833324
PD174	150.8	148	5.693556947529803	0.1744098646889202	13.79147069159382
PD175	104.0	102	4.245788628055557	0.1035356762529189	11.13345017446985
PD176	164.625	159	5.464279969083925	0.150010021869541	15.1916442416673
PD177	162.75	161	5.529399002540397	0.1299118717355355	11.92095014562842
PD178	112.6153846153846	111	4.986134455125829	0.149681746072773	11.25674246331915
PD179	191.5625	185	5.742340164542792	0.1349832789463205	14.19258912936658
PD18	185.1304347826087	176	4.244157952711447	0.0333333969778992	16.48237304392688
PD180	130.0	126	4.948570760535757	0.0983925200746815	11.50735855974915
PD181	97.2	97	5.098259166375161	0.1867968057596777	10.35498093806497
PD182	70.0	69	3.8756485683835895	0.1141749478841028	10.30841952471335
PD183	94.2	93	4.588709737327861	0.1389213582833536	6.686163311398595
PD184	332.0	321	6.4768473689006205	0.1243346684041889	23.78137119072624
PD185	133.14285714285714	131	4.464057617746001	0.0524357910996088	14.05161412698923
PD186	152.9090909090909	151	5.444219087049053	0.1356708866327152	13.43892744676335
PD187	80.66666666666667	79	4.1827846410094525	0.1474643170048445	9.718048294014464
PD188	103.33333333333331	100	4.931058074312368	0.1772464480698038	10.57511284474009
PD189	107.5	107	5.263687006697375	0.1440211033085726	10.00515070886336
PD19	116.8	114	4.585710232186761	0.0934763973891339	10.1018052224599
PD190	163.0	159	5.753528496100848	0.1805225504672181	15.72385345099543
PD191	64.0	63	4.821664173673523	0.3267083864128281	8.397276206448264
PD192	125.6	125	4.453173803193934	0.0808127173357016	12.63289098930722
PD193	115.0	108	4.709413090466362	0.1115323733465359	10.34463789658731
PD194	71.9090909090909	71	3.394978040083883	0.0783750649517675	9.822829998518277
PD195	115.2	111	4.975035518506363	0.1420359219982349	11.5329719502863
PD196	244.13636363636363	240	6.247933149790112	0.1692275533865547	22.31225785777705
PD197	121.2	120	5.076581110330151	0.1537814426151013	11.27519827842536
PD198	263.2307692307692	254	6.485393804465549	0.2030601769727923	21.24440750491901
PD199	136.0	136	5.638647362187312	0.1658765942366297	13.17358292546773
PD2	187.11764705882356	185	5.652617427871654	0.1135000410586398	13.43818499097312
PD20	105.54545454545456	103	4.357188259875507	0.1075736589114664	10.38870735625917
PD200	105.0	105	5.360875424496832	0.2129509483887609	11.09360222567956
PD201	159.33333333333334	157	4.6277212394453775	0.0412454818637095	12.60567014991073
PD202	185.9090909090909	175	4.874821750176908	0.0453082512895294	16.22880593013943
PD203	68.2	68	4.688054786676615	0.2681817864876071	9.085606598851395
PD204	108.0	106	4.687753066341715	0.1244045760620973	10.18543786474726
PD205	112.33333333333331	112	5.251386637815919	0.1987241211910627	11.84752879932073
PD206	91.0	88	4.329640849592051	0.100681316104231	9.15247416714958
PD207	145.25	144	5.752512227860479	0.208605897799398	13.06125082862038
PD208	110.0	110	5.360291669382653	0.2361111957176229	10.7183773889913
PD209	65.0	62	3.786496508457178	0.0991832068516679	8.969171073911784
PD21	99.16666666666669	90	3.814373656539261	0.0874922328770263	9.809109989784098
PD210	76.0	74	4.8017028668217705	0.2342619583561325	9.090763499431286
PD211	98.0	96	4.814833531179616	0.1464288006942365	10.47834878425285
PD212	187.55	183	5.709961263143331	0.1373800449994931	16.92786427152159
PD213	151.75	129	4.9244087790201965	0.1201720431037891	10.89664607289733
PD214	95.25	95	4.999720392118522	0.1847396854337616	9.59855673654472
PD215	148.6	143	5.705942296594839	0.2055191518796767	13.27916799222524
PD216	115.2	97	3.593724391748089	0.0614375116537744	11.10062349332783
PD217	94.0	91	4.043236908503133	0.0932179017299117	10.81013328368333
PD218	188.5	183	5.4868549285018124	0.1154857514095659	16.41048023684354
PD219	87.0	78	3.914209862588529	0.0999052015527298	10.13842945079075
PD220	127.0	125	5.4578551813406415	0.1702793560545592	13.8246739131875
PD221	135.58333333333334	131	5.03567551801169	0.1213838536168989	12.52213661650657
PD222	201.6875	196	5.670215830847959	0.1214296890674296	16.31880022417421
PD223	177.4375	174	5.608122617515269	0.1566186175783323	15.40262454480775
PD224	161.5	159	6.070658943791754	0.2264483369554877	13.71399207311918
PD225	99.11111111111111	93	4.45608825150333	0.1457743750695544	9.731595827872724
PD226	53.5	51	3.352571433177377	0.1239729261477286	6.396625500270472
PD227	120.5	113	4.095605784460676	0.0685503025746603	13.61509809915551
PD228	173.2	168	5.293892160235276	0.1071732900703054	15.06268133421681
PD229	112.0	106	4.385572080549624	0.1054856357614837	12.90514216615593
PD23	82.11111111111111	81	3.647386646822208	0.0905300376908775	9.376529551086938
PD230	106.0	101	4.667365678987426	0.1147558494596687	11.70434502438147
PD231	197.9375	176	5.461887876574453	0.1152530878515094	17.17463198498676
PD232	132.5	131	5.331610547432633	0.1541204883153552	12.92539639329473
PD233	221.23529411764707	205	5.866267367368096	0.1527755124564292	17.30788186541069
PD234	130.6	127	4.728015142252578	0.092376304082751	13.63112317200083
PD235	98.33333333333331	96	4.965163863408511	0.2157365487398914	11.09512304046623
PD236	115.0	111	4.936673100461606	0.1541397492807847	11.15449244036622
PD237	209.47368421052636	206	5.8489706537579815	0.1156044345491159	16.67462893227047
PD238	196.25	180	4.4549399451670935	0.0465284266166869	18.24760466145756
PD239	162.6	156	5.514223884485228	0.1624840668124083	13.45754509628638
PD24	158.27272727272728	141	4.897074153401844	0.0840605686322557	12.91527474294091
PD240	156.92857142857142	146	4.759312841152591	0.0931447713562629	13.34196746775383
PD241	90.16666666666669	90	4.278434036417529	0.0973737235643729	9.695787728362465
PD242	125.0	110	4.885071652970703	0.1578052695598053	9.536510728604426
PD243	191.5	175	4.9704207256992925	0.0722747643698132	14.8855272286842
PD244	110.0	107	5.029056871020109	0.1559675053181878	11.12173508440876
PD245	106.625	101	3.4978445101739024	0.0398570013375714	9.889786026898063
PD246	177.57142857142858	172	5.285639299255581	0.1023246842125176	15.89120702160118
PD247	94.92857142857144	91	3.3437573382138788	0.0523965146697744	10.71583317097726
PD248	82.375	71	3.317399976039179	0.0755919512726057	10.39276547892413
PD249	124.5	123	4.14246778455151	0.0683755962688744	12.44670192951924
PD25	141.05263157894737	130	4.594076297098656	0.1027027375661184	9.83071513871606
PD250	169.0	149	4.8053594567356654	0.0995530900511597	15.67473904704913
PD251	61.0	55	2.526689184259563	0.0663957525202964	9.09067267884587
PD252	98.27272727272728	95	3.577429654324282	0.0579282929643707	10.42557442819382
PD253	93.66666666666669	92	4.637166853318167	0.1561704331164576	8.86093387020028
PD254	127.625	122	4.621322497230008	0.0973357723497562	11.40497463440884
PD255	115.71428571428572	111	4.035887888597691	0.0775379785011904	12.04048717576478
PD256	165.42857142857142	159	4.816938261555913	0.0739781096702098	14.56294608812313
PD257	111.57142857142856	109	4.6559788723714455	0.143081017637411	11.13755492030538
PD258	84.66666666666667	83	3.0244498944362834	0.0591313580092424	11.11224992843969
PD259	131.5	115	4.472550752635596	0.1183920176123754	13.31659436208621
PD26	136.6	121	4.573758942471878	0.0819269967637214	11.67443307682884
PD260	128.75	127	4.785989038037961	0.1186944383767188	13.20097153393773
PD261	77.0	67	1.627729315135759	0.0308949715925061	10.04453688986072
PD27	127.66666666666669	105	3.968066212079437	0.0704938094169409	9.701860270821806
PD28	130.625	125	4.8060929430392445	0.1151704868717161	10.99776499823005
PD29	82.75	82	4.386354145387315	0.1237297103690397	9.487160863151328
PD3	95.85714285714286	95	4.688918290814593	0.1509882619611315	9.363917423210747
PD30	330.0	251	3.551129012427094	0.014430654047411	25.13394569832593
PD31	160.0	155	5.248188269429956	0.1397246597033857	11.76548029183727
PD32	73.42857142857143	67	2.248470034061786	0.0331855089483201	7.582716141872167
PD33	109.0	109	5.362656859703114	0.2275849117029715	10.46018426418772
PD34	125.33333333333331	118	4.490599513692716	0.0899759762343934	12.98132093373556
PD35	129.75	106	3.5344866853983468	0.0572817535460664	11.41054935863541
PD36	122.625	117	4.102189732212049	0.0530835476382505	7.461889556380028
PD37	122.5	118	4.879313036652386	0.1348995130829055	8.930590872384345
PD38	138.6153846153846	137	4.607239239328364	0.0754305871338584	11.66070922984222
PD39	256.7916666666667	232	5.5154239343674005	0.085629207665132	18.83544676396474
PD4	130.42857142857142	111	4.523408542504973	0.1115340228446929	11.63287281136411
PD40	189.0	175	5.5840957124085655	0.1417403704781455	13.1445232733284
PD41	42.5	42	2.348277109876187	0.061843815319515	4.088116558576836
PD42	118.75	117	4.34329570719335	0.0807613895651564	11.23873500873422
PD43	106.86666666666666	105	3.66511497556149	0.05664743678789	11.57861199518492
PD44	69.33333333333333	67	3.622556260282265	0.1111077349174061	8.378309589287149
PD45	314.25	293	6.178685696614237	0.0995147927395957	23.15689236732794
PD46	207.89655172413796	181	4.264975377723856	0.0474233081855022	16.46587931856923
PD47	152.95454545454547	137	3.4774650588937703	0.038313731571051	18.46861093003808
PD48	132.57142857142858	127	4.704150222597593	0.1036683261118253	10.74772810796127
PD49	151.33333333333334	140	4.868352484928167	0.1158681957560724	12.81582569259663
PD5	226.66666666666663	196	5.946842760710044	0.1734275500929176	16.40078766743214
PD50	36.6	36	1.5354260046180532	0.0577350082379311	5.857892043856822
PD51	126.11111111111111	123	4.767149134197794	0.1217725548197635	12.67230451279532
PD52	105.0	102	4.357847485790731	0.069813583768621	10.0620377460225
PD53	84.0	81	4.149869403625849	0.1197119605728179	12.49682642026508
PD54	78.0	77	3.305523927780213	0.0629556633330769	10.5895229246542
PD55	54.875	53	2.367174449343931	0.0588171805469031	7.685171867371922
PD56	96.0	91	3.7956312709831206	0.055054668790617	12.06922060563322
PD57	88.14285714285714	88	4.153701216615607	0.0871768210530042	11.71293731276444
PD58	127.8	120	4.807094690932905	0.1140599720032955	11.23013979222758
PD59	138.25	124	4.729449181183605	0.1023783171045682	13.24400952261153
PD6	173.375	148	4.379575388996415	0.0453558779477968	11.71975415018777
PD60	128.92857142857142	118	4.173407003436023	0.0547599769343091	11.08829020557555
PD61	135.125	122	4.816297350070885	0.1155840798982257	11.73177483617033
PD62	71.2	70	3.932914871318456	0.1224400239786542	8.006494965925691
PD63	201.54545454545453	186	5.7944450646439165	0.1392287718462403	12.29279031211319
PD64	174.35294117647058	162	5.541777460120429	0.1612601742107852	13.324212077903
PD65	213.07142857142856	188	5.456039763453352	0.0935514933202026	15.29995379207093
PD66	300.54545454545456	278	6.600307229206769	0.1931257880014965	22.80763431218748
PD67	122.06666666666666	113	3.717678889730082	0.0577395821306298	11.43404869262591
PD68	115.66666666666669	112	4.599034884694475	0.1010687543730428	9.679292434862631
PD69	242.6071428571429	231	5.63793738775486	0.0707935034393331	17.19778157231648
PD7	166.6153846153846	152	4.187355728245306	0.0411496279016915	12.3727240293819
PD70	214.8823529411765	191	5.52860028924957	0.1455792943105434	13.53255741371801
PD71	282.55555555555554	263	6.31012628735712	0.1530734967669056	19.12283069333019
PD72	165.4	154	5.352343564071509	0.1617634828552675	12.86008262230621
PD73	157.1	148	5.151814940217735	0.1327046755434912	11.52818587430131
PD74	115.125	102	5.09107644651707	0.2122739119386941	10.75075328955428
PD75	225.0	206	5.916404393935541	0.1376185837317042	14.53910252945872
PD76	131.0	124	4.494969311278405	0.0922805585297784	11.41522116060347
PD77	88.375	88	3.716028594298433	0.0624039397434347	11.96118465657356
PD78	162.3684210526316	160	4.858560819148615	0.0771540357486126	12.83519116043748
PD79	123.1	121	4.284953238000743	0.0728031044408583	12.21942537069846
PD8	99.66666666666669	98	4.824512153516883	0.1504750696576183	10.88936763662002
PD80	312.84090909090907	296	6.322792248301572	0.1399996178570431	22.93770984495731
PD81	189.26086956521735	181	5.63421434675139	0.1315023749197408	14.04483838179952
PD82	93.6	78	3.8663890653808046	0.1113558326278718	7.209108262632052
PD83	92.5	88	4.463422149503989	0.1491388721521932	10.4789272250865
PD84	87.0	74	3.641333947137357	0.0923637153060641	11.39089653020548
PD85	198.42857142857144	159	5.678110468620794	0.1762326060048025	12.42616582959549
PD86	178.05555555555554	164	5.487963622913284	0.1601013972100167	13.6551717997786
PD87	217.0	207	6.102456884619624	0.1936680524622894	15.3479515040742
PD88	122.75	100	4.770585655091049	0.159667380912084	10.0748743676065
PD89	216.55555555555557	194	5.408632480026613	0.0888347677477359	14.0310551456097
PD9	67.375	67	2.7282481453779828	0.0464147099771323	9.057754464154453
PD90	122.0	114	3.914176862671632	0.061703950241974	8.19191428636199
PD91	134.75	112	4.842151007012907	0.1589337634767567	10.80458673564677
PD92	179.4	164	4.675371757462052	0.0583407210966334	13.83432723678208
PD93	345.12	309	6.577112534132215	0.1697975362703498	20.68049331711978
PD94	99.375	99	4.766807227933398	0.1451841081126818	9.508755093152605
PD95	122.42857142857144	103	4.36793022812605	0.1152801001402262	7.762867976235112
PD96	46.0	35	2.373400071576157	0.1195390540604494	6.407249727402322
PD97	122.0	119	4.862867162223362	0.1138675180622976	12.16225962840898
PD98	135.0	128	5.308226169157977	0.1511594339739462	10.76312766853107
PD99	241.0	222	6.344506079025155	0.2132323955995213	15.20150478853455
PV1	81.0	75	3.5164241407301717	0.0851545333378294	11.24815902771844
PV10	163.66666666666666	160	5.6378670184732345	0.153096442920502	13.28698207829288
PV100	100.0	94	4.545255387717461	0.1395817424155286	9.840237476936927
PV101	148.75	148	5.714567640072255	0.1887434978431223	12.19998207499106
PV102	147.0	144	5.4601245142909285	0.1697909007399134	10.5252066033102
PV103	179.85714285714286	172	5.434232477139171	0.1185293253024436	14.60999322576116
PV104	95.14285714285714	90	3.957094876075092	0.0831113719478408	9.754877022019766
PV105	135.66666666666666	131	4.940406661154483	0.0917973406706972	12.71095911404235
PV106	154.5	150	5.618752734962578	0.2038914310752153	13.86370843854961
PV107	143.25	138	5.639864373045702	0.1822723754141338	12.47738780619509
PV108	133.0	130	5.125417585973233	0.1332807247656538	14.56994114783803
PV109	113.0	108	4.257474842687603	0.0940979528222524	11.18425116831742
PV11	149.5	143	4.474262326980166	0.0717646617428645	13.92248079912375
PV110	180.2	170	5.108466127126295	0.0782585567866861	13.60892761300632
PV111	191.7692307692308	189	5.555524806087474	0.0835075287857675	17.88528566633958
PV112	157.75	157	5.7612731260199554	0.2054749237252426	14.65111224106862
PV113	112.2	111	4.623471421836962	0.0992830228846533	10.83079338739885
PV114	145.0	142	4.557884369455623	0.0700933767142176	14.44029711765922
PV115	193.58333333333331	186	5.539793311591914	0.1182112390678423	15.25591761415209
PV116	175.33333333333334	164	5.283123590743621	0.1056582887532837	13.86864187745999
PV117	162.0	156	5.226226372796733	0.1004737344617771	16.15516851706738
PV118	150.06666666666666	144	5.115784008550364	0.1371538379769453	14.81899265362416
PV119	129.07692307692307	124	4.782527615430843	0.1057696667843417	11.42122832702274
PV12	220.7692307692308	209	5.853175385517943	0.1120923006024869	16.38644756721617
PV120	204.33333333333331	176	4.59453085001925	0.0543982224923855	15.1287922132939
PV121	283.24	267	6.21525968406826	0.0922204186490506	19.79852118459213
PV122	287.88461538461536	279	6.664512407244498	0.1986376342508838	22.17847814007251
PV123	162.83333333333334	162	5.534718493887379	0.1343067326600526	13.63564518674805
PV124	178.0	171	5.489706991160828	0.1244133128495273	15.26721123946077
PV125	212.92857142857144	202	6.149225841447797	0.1921908831241037	15.6392769582454
PV126	117.07692307692308	112	4.131624754593401	0.0789774929308825	11.82394233722185
PV127	232.66666666666663	221	5.692562694547765	0.0753101754634155	18.2320103841573
PV128	158.5	153	4.746150882661337	0.055329931162262	12.59048356764342
PV129	187.55	179	5.463099770734447	0.1247954290928595	16.11570680067901
PV13	155.25	147	5.344247317608029	0.1447693637427867	12.6958054711271
PV130	106.0	104	4.4061343337124095	0.0770044675651145	13.03265048625886
PV131	95.5	95	4.9191982358705015	0.2001711423232635	11.24538085322619
PV132	156.0909090909091	152	5.619921636828794	0.1251137208654434	13.91321997474557
PV133	123.6	123	5.047412487917088	0.1393332038983602	11.47942800447784
PV134	113.6	113	5.193884295674277	0.1665384010107202	12.61972535560108
PV135	131.25	131	5.431243072680928	0.1583224748391706	13.0393511746638
PV136	151.11111111111111	145	5.675395558175247	0.1985373357401353	12.60160661365713
PV137	95.25	94	4.6309930521316485	0.136906326320314	11.39092876738367
PV138	238.5	228	6.341041010035017	0.2231148482074721	18.47354303199707
PV139	156.58333333333334	152	5.475369847456632	0.1771917076208679	12.012982482496
PV14	259.5	240	6.351669064104736	0.184240889214332	19.26892352904294
PV140	310.5	292	6.57627997967965	0.1924691531997796	19.53659691372248
PV141	177.11111111111111	171	5.745653097938564	0.1755875298340333	13.90855505662843
PV142	296.6470588235294	246	6.027346950155329	0.1350283058487267	17.58278437030789
PV143	282.1034482758621	270	5.986246440003281	0.1025444834380097	22.49811465490587
PV144	218.04761904761904	206	5.695441301742407	0.1175229225404819	16.21401606129011
PV145	311.7567567567568	300	6.315115701967218	0.121530309659229	20.56692219872373
PV146	279.4761904761905	264	6.407570071519606	0.1686187592983128	19.31458031347223
PV147	241.5	229	5.778996011873626	0.0934390477553387	16.35177781964231
PV148	188.0	183	6.0740761017219285	0.1923809509738231	14.15190091032635
PV149	86.0	85	4.243052528358462	0.103063221360743	9.442096416072369
PV15	280.5	266	5.843333087148888	0.0958238703907486	19.48686254335921
PV150	152.6	146	5.152302823014779	0.1214137280452837	14.00558346648421
PV151	128.9090909090909	127	5.0396870884359855	0.1269529537870808	12.20587740064932
PV152	203.33333333333331	196	5.836438890821842	0.1255177582423947	16.99421899593079
PV153	130.42857142857142	129	5.286113682488389	0.1669956480934106	12.27923975188762
PV154	165.6153846153846	151	4.8642927033730965	0.0942979742509348	13.76981055950023
PV155	221.3636363636364	220	6.797736737581612	0.3243676388008051	18.98652563936276
PV156	183.1	174	5.987035549939171	0.2080977250889875	15.75198266699933
PV157	126.0	126	5.494622344933419	0.1908645769866089	12.05963328414035
PV158	191.0909090909091	187	5.490316307304199	0.083187861472159	16.13632473680018
PV159	105.5	103	4.104619404909134	0.0596253387698588	11.30850349004898
PV16	66.0	65	3.7959014382730665	0.0999404135266471	8.679054317831596
PV160	177.5	177	5.8732306665821765	0.1712859859266912	15.80997300688835
PV161	219.5	208	5.768726040433172	0.1110750971089587	15.90738584336745
PV162	205.0	194	6.283446952331637	0.2314218410731242	16.77359317717737
PV163	162.75	162	5.591269999409447	0.1392426138630158	14.57179892591351
PV164	204.57142857142856	191	5.93914400178765	0.1970775682724981	16.59860161133568
PV165	153.1	151	5.417544331633821	0.1473637816064512	15.74972204187825
PV166	160.5	153	5.168355189782479	0.1102798240033702	14.21143878855677
PV17	111.66666666666669	110	4.4926655354132725	0.0910974439842727	10.75458699373257
PV18	110.0	101	5.102317960737776	0.197899083539239	10.52073845226312
PV19	110.0	108	5.129899309302142	0.1983317224037513	11.27570748040097
PV2	214.25	195	5.897668898725677	0.1568621102678517	15.89671699055808
PV20	167.25	159	5.940916083047777	0.2218657460906634	12.85084836134752
PV21	249.5	232	6.4116933864978245	0.2226353384192506	17.34985594320148
PV22	254.7	247	6.223885536264611	0.1607569336675898	17.82542920189534
PV23	153.0	148	5.56085779406617	0.1674101350765416	12.94814354583719
PV24	168.66666666666666	157	5.185071739545869	0.1029904647081575	14.28659018662915
PV25	150.2	137	5.125635760143248	0.0975376375651088	11.47681492561281
PV26	180.4	178	5.469873649972868	0.106904716044675	15.36012270915368
PV27	133.66666666666666	132	5.382812683596672	0.169906816849069	12.63662458921177
PV28	173.33333333333334	162	4.946996168924878	0.0679238369038693	13.71445657689561
PV29	141.1764705882353	135	5.070664271736904	0.1403702335093927	13.24340949903702
PV3	160.1578947368421	153	4.132316256823671	0.0468248588144583	15.95266945680215
PV30	123.42857142857144	122	5.030977677786405	0.1368047797926513	12.637688514271
PV31	207.66666666666663	186	6.075770659851682	0.1917230608546787	15.33436426035273
PV32	161.875	150	5.097406271017726	0.1272804358387596	13.76853247940094
PV33	140.42857142857142	131	5.580544754473472	0.2252367204146049	11.5289535848193
PV34	121.875	115	4.888327125708723	0.1476943937733697	10.56401983214532
PV35	269.75	254	5.8145928694559	0.0758558159351951	17.99654194358759
PV36	167.5	165	6.059561512436109	0.2045205337184209	14.69722351906251
PV37	177.5	176	6.063540352746257	0.2144532279911628	14.31159259325105
PV38	150.0	144	5.058025919131879	0.0836032178972204	12.99181608633313
PV39	170.2	165	5.316714988800411	0.1137125510455641	15.11753007285225
PV4	157.42857142857142	133	4.966218175444361	0.119806153739095	14.12536005098104
PV40	118.66666666666669	118	4.784300447937971	0.0909319740230192	11.06292559573646
PV41	224.0434782608696	214	5.894218699584934	0.1416263780692709	18.29320158987578
PV42	172.05882352941177	165	5.626555153830475	0.1567845225329618	12.71029508596742
PV43	174.0	171	5.74838413077589	0.1669994464636347	12.80425514193101
PV44	103.875	102	4.374776503831797	0.0849794689263156	11.17025160233594
PV45	132.5	115	4.463948721149274	0.0990722448977125	10.27887726979511
PV46	191.6875	181	5.493014276444102	0.1172075577843046	14.43211146003832
PV47	171.58333333333334	164	5.418708588653807	0.1357961836166467	12.98505470188213
PV48	229.55555555555557	222	6.350675129440609	0.2059049571873764	19.24780979373533
PV49	219.7142857142857	210	5.833351990710495	0.1227612702334511	18.49537848313022
PV5	288.1875	261	6.232650276757994	0.1148365346141832	19.72282227967401
PV50	143.92857142857142	140	4.626808333165382	0.0600987643862318	14.50110702513143
PV51	112.625	107	4.79800906105217	0.1416449237459369	10.57986097650475
PV52	196.58333333333331	192	5.521231514980007	0.1017934540782855	15.76146485782192
PV53	210.0	189	5.373359829078265	0.0987676602971817	16.35527259198386
PV54	248.83333333333331	238	5.395252230241565	0.0556478617553971	18.76623440806571
PV55	160.0909090909091	153	5.125406924352276	0.1061337502572708	12.71381441550759
PV56	131.875	130	4.993669042343978	0.1094385352256161	11.08786227984029
PV57	191.0	184	5.920666850513441	0.1594656121082417	14.14682483724832
PV58	170.14285714285714	168	5.633064826382263	0.1570789448617717	15.80319603276483
PV59	190.0909090909091	183	5.991529690763377	0.193138287226106	14.13869444451576
PV6	269.6923076923077	260	5.940519570651422	0.0804500724597712	21.0910503772196
PV60	317.5	286	6.765961050148207	0.1946854243321456	21.57505871388135
PV61	193.42857142857144	187	6.1217033069688815	0.1997853146965334	16.61146556026682
PV62	252.66666666666663	240	6.309430338002255	0.1429806127439878	19.86810900386272
PV63	192.3684210526316	190	5.306058862323344	0.0802144111959809	15.63165900211651
PV64	134.92857142857142	124	4.39750637266348	0.0628934871273308	13.67339667158067
PV65	163.5	159	5.632924602579114	0.1617584635756675	13.3722398618772
PV66	97.0	97	5.599781410506406	0.3199737283650483	11.2239936886815
PV67	207.27272727272728	190	5.79458242543902	0.152008160041244	14.99907681955048
PV68	104.0	101	4.412226517731638	0.0907716810683684	11.02657735399441
PV69	116.8	114	4.822014692876185	0.1439742364899385	11.11030003073246
PV7	146.1	144	5.784615852104514	0.2343064360791423	11.2696776430717
PV70	234.75	226	6.087078574319256	0.1563670827851181	18.18445122344253
PV71	236.45454545454544	218	5.645590543547376	0.1148263935851289	19.32093788383315
PV72	194.07692307692307	189	5.653836143555653	0.1132744237911867	15.51786073503819
PV73	171.0	170	5.438468097714739	0.1138479085752111	15.5238300817387
PV74	179.875	173	6.087410284174566	0.2435967737926353	14.50386313592176
PV75	102.625	97	3.8108438955179422	0.0802307566213332	12.01758362016118
PV76	161.75	153	5.394496936457165	0.1470469274329824	14.28653905502777
PV77	154.0	151	5.572571698430348	0.1580064905084537	14.60870313222957
PV78	111.0	108	5.104631429882547	0.1485261412365494	12.00037499722424
PV79	145.9090909090909	109	3.620467672219871	0.0600424872648383	12.73837010960972
PV8	174.57142857142858	169	5.75796351768352	0.1892719500374442	13.3170449434703
PV80	254.31578947368425	241	6.376063797878264	0.1870912724548161	19.35643764962899
PV81	89.42857142857143	88	4.594663824838321	0.1388094929435805	11.21354182974694
PV82	161.0	156	5.299855934486647	0.1007530939119024	14.5429952570628
PV83	244.66666666666663	241	6.815537465491046	0.2781255676195178	18.79760953412163
PV84	163.75	154	5.610635535750585	0.1530296348008977	13.6422674872092
PV85	96.75	96	4.300767636280679	0.0899192803971479	9.37358067653934
PV86	269.5769230769231	263	6.223581226535901	0.1045810184046026	20.2959548279979
PV87	222.125	218	6.179759097963238	0.1807444180086855	16.53891056493073
PV88	136.75	133	5.244831897649722	0.1590529124345801	12.94859161030878
PV89	195.11111111111111	185	6.088530964588286	0.209093973648221	16.13250750164723
PV9	93.14285714285714	91	4.44856043238137	0.1164586330003205	10.19427569569557
PV90	140.16666666666666	140	5.903532942099943	0.2653167351183843	11.80383434702882
PV91	55.25	50	2.623774636140875	0.0732227001793297	7.765021243996369
PV92	160.0909090909091	153	5.451400824855764	0.1503324709330739	13.22928560882732
PV93	149.75	149	5.57864303544303	0.1901359000909161	14.13253371825256
PV94	118.66666666666669	117	5.078303470255984	0.1290764458451614	11.30351634715774
PV95	108.71428571428572	104	3.9816405058094704	0.0653770860363707	10.60270198013146
PV96	200.875	194	5.89815278846797	0.1459014303942793	15.9667964379126
PV97	111.0	110	4.718074792929179	0.1139479543174446	11.35701905772427
PV98	144.875	143	4.957369326892276	0.0984640440169881	13.16418129130659
PV99	124.2	120	4.02953319282107	0.0532437951597897	13.28931305419573
