#OTU ID	CT21	CT25	CT27	CT29	CT34	CT39	CT44	CT48	PD103	PD11	PD117	PD12	PD125	PD126	PD129	PD13	PD135	PD138	PD139	PD14	PD140	PD143	PD144	PD147	PD148	PD149	PD15	PD150	PD151	PD152	PD155	PD156	PD159	PD163	PD164	PD167	PD168	PD170	PD175	PD176	PD178	PD179	PD180	PD181	PD182	PD185	PD186	PD187	PD188	PD189	PD192	PD193	PD194	PD195	PD197	PD199	PD2	PD209	PD210	PD211	PD218	PD220	PD225	PD227	PD228	PD229	PD231	PD233	PD236	PD238	PD239	PD241	PD243	PD244	PD249	PD250	PD253	PD254	PD255	PD26	PD27	PD35	PD36	PD4	PD42	PD43	PD44	PD5	PD52	PD53	PD58	PD59	PD65	PD74	PD75	PD77	PD8	PD84	PD91	PV1	PV10	PV100	PV101	PV103	PV104	PV105	PV106	PV107	PV108	PV109	PV11	PV110	PV112	PV113	PV114	PV116	PV119	PV12	PV120	PV13	PV139	PV14	PV141	PV147	PV149	PV15	PV151	PV156	PV157	PV159	PV16	PV160	PV161	PV18	PV19	PV20	PV24	PV25	PV27	PV29	PV3	PV30	PV32	PV33	PV34	PV35	PV38	PV40	PV41	PV43	PV47	PV49	PV5	PV50	PV52	PV56	PV59	PV6	PV63	PV64	PV65	PV67	PV68	PV73	PV75	PV76	PV77	PV78	PV81	PV82	PV84	PV85	PV89	PV9	PV90	PV91	PV92	PV93	PV94	PV95	PV96	PV97	PV99
g__Acetatifactor	20	30	60	103	0	0	103	0	4	20	12	0	0	42	0	0	290	0	0	0	0	49	50	0	0	0	37	0	0	0	0	0	8	0	0	0	39	0	0	7	737	29	6	0	5	129	75	0	0	14	0	0	0	0	0	19	133	0	0	0	2631	32	0	0	0	0	0	105	0	75	0	0	36	0	0	0	0	0	0	0	0	0	0	0	0	0	0	54	0	0	69	0	30	0	211	0	0	0	0	0	219	0	329	552	19	0	48	0	0	0	0	6	0	72	16	77	0	180	0	0	399	37	376	188	0	348	0	0	89	0	0	13	141	137	0	8	0	0	211	13	0	0	23	44	0	57	57	8	748	60	0	25	368	108	95	0	496	103	111	0	38	246	0	55	0	0	94	0	0	18	0	0	42	0	0	0	0	0	30	0	20	0	0
g__Acutalibacter	0	0	86	0	53	128	0	0	1212	0	0	0	0	0	0	0	0	0	0	0	0	0	0	0	0	0	14	0	0	0	17	0	0	0	0	0	119	0	11	36	0	0	0	0	0	78	0	0	0	0	75	0	0	3	0	0	0	0	0	0	24	0	0	0	0	7	0	75	0	0	0	0	0	0	0	24	0	0	0	0	0	0	0	0	0	0	0	0	0	0	0	215	0	0	0	0	0	0	0	0	0	0	0	0	0	0	0	0	0	0	0	0	0	0	0	0	0	8	0	0	0	44	0	98	0	65	0	0	0	0	0	0	0	0	0	0	0	0	0	0	0	0	0	0	0	23	0	0	8	0	133	0	0	0	0	0	0	0	0	6	0	73	0	0	0	0	28	0	0	0	0	0	0	0	0	0	26	0	0	0	43	0	0
g__Adlercreutzia	25	51	62	0	48	0	0	0	263	31	0	0	73	42	0	0	0	0	0	0	0	0	0	0	11	0	0	0	0	0	0	0	30	0	24	0	0	0	0	0	0	0	0	0	0	0	47	0	0	0	86	0	0	0	0	0	0	0	0	0	0	0	0	0	0	0	0	202	0	0	0	0	28	0	0	0	0	0	0	0	0	0	0	0	0	0	0	0	0	0	0	0	0	0	0	0	0	0	0	0	0	0	36	0	0	0	4	0	0	2	0	8	17	0	0	0	0	23	0	0	0	39	152	0	0	0	0	29	22	0	0	0	0	0	0	0	20	0	0	0	0	0	0	0	45	0	0	0	60	0	0	0	76	0	127	0	0	67	0	0	70	25	0	55	0	0	0	0	0	101	0	0	28	0	0	0	0	11	0	0	0	0	0
g__Agathobacter	1154	688	473	1255	173	0	1127	34	450	291	107	14	0	275	77	124	293	0	220	182	0	127	1132	0	717	377	324	1182	0	0	9	359	0	0	161	45	804	985	16	104	0	0	495	1272	0	105	148	0	480	1223	63	80	0	348	2650	216	640	472	430	1871	1122	690	77	0	317	0	1096	0	11	0	0	0	0	277	0	9	1841	493	7	732	0	0	0	101	0	0	21	722	0	0	114	980	43	17	566	0	152	6	0	2046	0	0	1666	0	395	0	1452	1469	1067	219	59	1082	571	1168	0	280	316	1840	12	80	3828	1855	2790	490	989	263	700	1503	229	128	0	202	161	614	203	837	0	105	0	42	0	2178	3816	196	24	513	307	45	3767	87	803	499	139	52	1042	736	355	2485	1158	13	62	350	0	554	183	0	66	31	0	468	0	0	343	0	575	0	453	1478	30	9	396	1889	21
g__Agathobaculum	0	53	329	207	62	0	0	78	0	101	12	0	26	88	0	0	4	0	8	16	0	0	0	34	0	0	149	184	0	0	0	47	0	145	11	0	68	142	18	163	0	175	113	261	0	9	7	0	143	238	39	26	0	59	21	0	103	52	0	0	210	264	0	0	186	0	289	67	0	21	0	195	102	165	28	329	0	0	151	111	0	0	0	38	18	0	0	82	0	0	183	272	610	0	617	0	0	4	0	207	255	99	147	0	78	0	64	46	0	58	0	121	0	48	0	75	104	155	0	68	297	0	1442	58	0	51	74	85	23	12	0	95	176	199	49	104	53	156	193	0	6	82	146	0	116	14	119	183	85	0	114	0	48	0	54	70	122	157	95	215	81	141	126	153	0	419	27	19	65	114	0	0	0	0	44	0	52	0	97	0	0	183	0
g__Alistipes	193	82	2171	76	1342	561	0	12	2124	3	305	0	16	110	0	0	103	3	0	0	0	0	17	0	0	0	977	5	0	0	0	186	0	0	0	0	839	645	0	18	0	0	0	6	0	1062	17	5	0	0	772	0	0	116	0	306	812	0	0	0	823	4317	0	0	70	18	76	2730	0	0	0	0	43	0	0	286	0	0	0	0	0	0	0	0	0	0	0	199	0	0	0	9	0	0	47	157	74	377	2	0	0	5	16	0	0	18	106	277	0	0	326	381	680	0	0	301	0	1519	0	216	28	1812	0	0	0	743	0	313	20	39	0	619	240	75	0	99	180	0	60	750	60	49	153	0	0	1952	5	0	922	124	31	258	2109	9208	670	14	277	353	1317	129	16	526	18	20	0	44	207	44	0	410	0	0	157	0	38	0	0	45	0	3	56	240	20
g__Alistipes_A	0	0	0	0	39	0	3	0	116	0	0	0	0	14	0	0	0	0	0	0	0	0	0	0	0	0	25	0	0	0	0	0	0	0	0	0	14	0	0	7	0	0	0	0	0	0	0	0	0	0	0	0	0	0	0	0	0	0	0	0	0	0	0	0	0	0	0	0	0	0	0	0	0	0	0	0	0	0	4	0	0	0	0	0	0	0	0	0	0	0	0	0	0	0	0	0	0	0	0	0	0	0	0	0	0	4	0	0	11	0	0	0	0	0	0	0	0	0	0	0	0	0	0	0	0	14	0	0	0	0	0	0	37	0	0	6	5	0	7	0	0	0	0	0	2	57	0	0	0	0	0	0	14	0	0	0	0	7	0	0	0	0	0	0	0	0	0	0	0	0	0	0	0	0	0	0	0	0	0	0	0	0	0
g__Alitiscatomonas	14	92	63	136	194	0	39	30	0	75	15	0	0	39	19	990	0	0	12	37	0	277	172	0	174	10	56	103	0	6	293	83	0	480	20	63	62	248	29	73	0	240	268	94	0	24	25	0	0	230	63	0	0	19	12	65	169	40	73	0	0	0	0	0	172	375	905	123	0	112	0	111	0	0	0	0	0	0	58	14	0	18	0	0	0	0	0	6	30	0	176	1896	0	0	162	0	0	0	0	6	332	0	81	0	109	13	59	0	0	26	0	58	0	73	0	36	138	223	0	74	111	0	925	201	0	14	154	82	0	0	0	0	138	0	37	0	28	142	58	219	28	137	0	0	94	15	91	95	69	163	62	70	0	30	92	63	53	28	0	0	136	50	104	15	25	0	29	77	0	84	8	0	0	377	20	0	128	72	109	0	0	0	0
g__Allocoprobacillus	0	3	6	0	7	27	0	0	213	0	0	0	44	0	0	0	0	0	0	0	0	0	0	148	0	0	8	0	0	0	264	0	83	0	2	0	5	0	5	0	3	0	0	0	0	3	0	0	0	0	7	0	0	0	0	0	18	0	0	0	83	0	0	0	12	24	0	97	4	0	0	0	0	0	0	8	17	0	0	37	0	0	0	0	291	0	0	0	0	0	0	180	17	0	0	0	0	0	0	0	0	0	0	80	0	0	6	0	11	0	14	0	0	20	101	0	0	4	0	0	0	9	0	657	0	0	0	0	0	0	0	0	56	2	0	0	53	0	0	0	0	0	13	48	0	29	0	0	6	0	1796	2	0	0	6	0	0	21	0	0	0	22	3	0	0	2	16	0	0	0	0	0	7	0	0	0	0	0	7	40	5	0	0
g__Amedibacterium	0	0	5	0	0	0	0	3	0	0	0	0	0	0	0	0	0	0	381	0	0	0	12	0	6	25	96	0	0	0	0	0	0	0	0	0	0	0	0	0	146	7	4	0	6	0	0	0	0	0	0	0	0	37	0	0	0	0	0	0	0	0	55	9	0	0	0	86	0	43	0	0	3	0	0	0	0	0	0	920	0	0	0	0	0	0	0	0	94	0	0	0	0	0	0	13	0	0	0	43	0	0	0	88	10	41	0	103	0	125	0	0	0	0	0	0	4	0	1492	110	0	14	0	0	194	0	745	0	0	0	0	0	0	0	34	0	5	0	0	0	0	0	74	0	0	0	6	0	0	21	0	0	0	0	0	0	0	0	0	0	0	0	0	0	0	0	0	0	312	0	0	0	0	200	0	0	0	0	0	0	324	0	0
g__Anaerobutyricum	1220	322	644	902	206	0	252	223	200	219	34	4	101	362	45	294	1054	0	111	184	315	338	345	0	0	136	0	262	0	0	0	169	588	0	205	0	463	0	83	266	845	170	475	591	0	217	730	0	135	794	318	465	0	594	192	460	507	97	385	0	1122	895	0	74	842	0	235	0	303	0	0	946	0	226	448	7	0	0	11	474	0	0	0	640	0	0	0	178	607	0	769	10	2249	0	448	0	1216	0	9	24	567	200	282	5	1050	172	449	157	38	129	789	737	0	346	314	1706	292	980	0	266	420	0	1142	1459	0	951	870	459	162	110	0	360	372	0	267	580	572	2130	0	10	10	757	0	0	0	1411	408	660	499	368	1589	301	1262	861	227	149	268	806	518	9	469	779	217	304	25	580	0	249	392	647	2054	493	339	0	288	0	319	275	308	12	125	375	4
g__Anaerofustis	0	0	3	0	7	0	0	0	0	0	0	0	0	0	3	0	0	0	0	0	0	0	0	0	0	0	2	0	0	0	0	0	0	0	0	0	0	10	0	0	39	0	0	0	0	11	0	0	0	0	0	0	0	0	0	0	12	0	0	0	0	14	0	0	76	0	0	0	0	0	0	0	0	0	0	0	0	0	0	0	0	0	0	0	22	0	0	0	0	0	0	7	0	0	0	0	0	0	0	0	0	0	0	17	0	0	0	0	0	0	0	0	0	0	0	0	0	0	3	0	0	2	0	8	0	0	0	0	0	0	0	4	0	0	0	0	0	0	0	0	0	0	0	0	0	0	0	0	0	0	0	5	5	4	0	0	0	0	0	7	0	7	0	0	0	0	0	0	0	0	4	0	0	0	0	0	0	0	0	0	0	0	0
g__Anaeromassilibacillus	0	0	40	0	31	23	0	0	153	0	0	0	0	0	0	0	0	0	0	0	0	0	0	118	0	0	3	0	0	0	17	0	0	0	22	0	32	0	0	10	0	0	0	0	0	94	0	0	0	0	7	0	0	0	0	0	53	0	0	0	15	0	0	0	20	0	0	82	0	0	0	0	0	0	0	0	0	9	0	0	0	0	0	0	0	0	0	0	0	0	0	0	22	0	0	0	0	0	0	0	0	0	0	55	0	0	0	0	0	0	29	0	0	0	0	0	0	22	0	0	0	32	0	105	0	5	0	0	0	0	0	0	5	5	0	0	0	0	0	0	38	7	0	0	0	0	0	0	0	0	21	18	0	0	3	0	0	6	0	0	0	11	0	0	0	0	11	2	0	0	0	0	0	0	0	0	8	0	0	45	2	0	0
g__Anaerostipes	533	1295	494	831	1231	151	787	73	4120	423	146	13	120	264	126	3701	3346	144	98	187	3220	768	442	82	487	1459	32	1379	58	5	12803	463	3403	0	496	1377	1259	1734	73	1285	1574	1051	928	2668	0	754	892	6	4194	67	126	119	2032	425	120	623	830	226	2509	485	0	49	6814	819	1695	103	1954	3344	582	702	111	2001	66	3431	8	124	117	816	369	1103	18	15	0	294	5518	196	10	348	1516	115	4893	527	687	13	4539	30	779	10	967	1673	1659	491	283	973	26	105	753	18	90	1326	15	403	0	51	853	671	21	599	768	402	4549	730	293	2983	1732	1461	465	364	117	72	674	121	2993	648	927	767	1708	2881	64	368	327	1301	4191	812	970	486	584	849	490	1000	513	267	1622	355	430	357	569	971	174	123	656	1000	543	345	74	1708	1394	357	38	710	942	86	1625	720	109	454	480	782	623	14	88	697	97
g__Anaerotignum	9	7	91	0	88	0	15	42	39	23	0	0	58	0	0	0	70	0	0	13	0	0	7	13	6	0	0	0	0	0	14	0	0	1849	91	7	23	69	18	0	0	0	0	23	0	83	24	0	0	0	23	0	0	0	0	21	0	0	0	0	45	0	0	0	45	24	0	889	0	7	0	0	34	9	24	22	0	12	238	0	0	145	0	0	0	0	0	0	0	0	12	0	365	0	49	11	40	0	0	6	54	0	0	835	10	18	0	25	19	0	0	0	9	303	21	120	11	50	97	16	0	5	192	54	0	99	0	41	43	15	0	51	67	0	0	117	133	0	0	43	33	25	36	81	0	171	0	38	34	107	0	46	7	0	0	0	7	47	130	65	38	26	4	35	0	248	30	15	0	0	0	0	0	0	37	0	10	10	0	0	0	0	30
g__Anaerotruncus	0	0	0	0	14	62	0	0	20	0	2	0	0	0	0	0	0	0	0	0	0	0	0	0	0	0	3	0	0	0	3	0	0	0	0	0	0	43	0	0	0	0	0	0	0	0	5	0	0	0	0	0	0	0	0	0	15	0	0	0	0	41	0	0	0	0	0	0	0	0	0	0	0	0	0	0	0	2	0	0	0	0	0	0	6	0	0	0	0	0	0	0	0	0	0	0	0	0	0	3	4	0	0	7	0	0	0	0	0	0	15	10	0	0	10	20	0	15	3	0	0	0	50	19	0	0	3	0	0	0	0	0	4	0	0	0	4	0	4	0	120	0	0	0	0	27	0	0	0	0	0	0	13	68	0	0	1	0	4	180	0	7	0	0	0	5	0	0	0	0	0	0	0	0	0	0	0	0	0	0	0	0	0
g__Anthropogastromicrobium	64	220	222	111	245	0	128	0	52	72	35	0	0	154	0	69	61	0	0	13	0	256	196	0	48	104	0	87	0	0	0	56	0	0	21	0	54	0	0	12	0	0	131	0	0	153	107	0	0	214	99	7	0	189	16	76	60	0	0	0	0	0	0	0	5	0	0	0	0	5	580	0	0	25	0	0	0	0	0	0	0	4	0	0	692	0	0	40	0	0	1027	3	43	4	777	0	0	0	0	0	397	0	149	0	48	0	54	0	0	13	12	43	142	0	555	0	114	107	3	20	323	100	384	0	0	220	38	122	59	38	0	0	279	0	47	29	0	44	0	3	0	0	0	265	0	201	89	0	136	38	0	75	142	105	84	50	334	166	0	0	264	115	0	107	7	49	0	42	0	390	0	0	139	0	139	0	0	53	355	2	0	130	4
g__Aristaeella	0	0	0	0	0	0	0	0	0	51	2	0	0	1155	2	0	0	0	0	0	0	0	0	0	0	0	0	0	0	0	0	0	0	0	0	0	45	0	0	0	0	0	0	0	0	0	0	0	0	0	0	0	0	0	0	0	0	0	0	0	0	0	0	0	0	0	0	0	0	0	0	0	0	0	0	0	0	0	0	0	0	0	0	0	0	0	0	0	0	0	0	0	0	0	0	0	0	0	0	0	0	0	30	0	0	0	0	0	0	0	0	0	0	0	0	0	0	0	0	0	0	0	0	0	0	57	0	0	0	0	0	0	0	0	0	0	0	0	0	0	0	0	0	0	0	0	0	0	220	0	0	0	75	0	0	0	0	0	0	0	0	0	0	0	0	0	0	0	0	0	0	0	0	0	0	0	0	0	0	0	0	0	0
g__Bacteroides	541	106	0	2323	1681	6617	740	265	6156	234	40468	20955	2660	262	791	50418	898	9850	461	325	0	902	2338	245	593	0	10407	85	7095	1926	3066	287	2117	6935	2154	3228	1217	6043	19	588	2028	1072	1715	256	6	306	2507	8778	116	765	3018	1558	19156	767	271	272	12317	55	462	2972	4577	2133	10133	2	1828	4395	1856	4400	16	21	8838	3477	352	85	3149	1016	73	1094	11579	2	28682	1132	0	10645	0	20801	6242	300	562	144	498	47	8076	17196	2584	263	7704	18483	9007	28	9328	8226	215	8684	2404	1063	1140	1002	64	203	1818	1997	2331	496	6	1769	4771	2205	10230	660	5838	2351	11723	8867	0	948	1437	2231	140	320	2349	261	1703	1348	231	1597	5041	2017	2382	6127	222	828	7212	4577	198	4257	103	2732	2069	2622	4183	455	602	2542	210	379	1785	3044	1885	4292	774	371	1808	668	242	4981	185	930	2253	2281	1882	7824	1281	6372	564	0	774	98	532	19876	716	279	144
g__Bariatricus	218	123	192	389	0	0	0	0	0	145	27	0	0	131	8	0	0	0	0	86	0	0	0	0	18	0	0	144	0	0	0	111	0	1088	0	0	0	0	0	181	0	0	0	0	145	0	625	0	198	0	78	222	0	243	79	96	1236	0	0	0	0	0	0	0	1185	0	0	0	0	0	0	0	0	188	0	0	0	0	0	447	0	0	0	0	0	0	0	0	0	0	0	0	0	0	0	0	0	0	0	0	257	0	116	0	0	111	176	116	17	166	0	450	0	0	0	0	0	0	0	267	713	180	160	0	0	137	0	68	115	50	0	153	155	0	206	148	700	0	0	0	19	0	1092	0	0	0	0	1545	116	483	0	111	168	0	162	0	0	526	331	0	218	237	0	57	0	0	0	0	0	139	0	0	0	0	0	0	192	132	0	0	0	0	0
g__Bifidobacterium	3467	333	168	1121	3430	7996	8	834	14680	49	86	307	5222	527	7455	8	1484	0	805	3744	10899	81	0	1238	2278	3281	6	1131	10	0	3535	704	425	39	2107	6233	5359	139	9225	2729	108	2547	5651	4085	8877	9613	6059	1073	5249	6678	2810	0	10	989	247	1529	173	608	4389	5434	324	23	0	210	5778	8519	755	2790	1579	32	294	10056	0	100	3225	5442	25	4369	392	3129	809	26	34	788	2522	5402	366	1390	4794	638	2549	5713	18128	22	6315	1284	6951	26	7751	21	0	0	672	5619	282	0	1164	19	123	1197	16863	278	162	11	191	253	7024	1729	0	152	1025	1057	8156	0	11788	8023	1673	0	208	0	11521	0	3346	4012	1584	2854	0	4377	1220	0	8300	154	1419	18	8283	82	2064	10495	2342	712	4411	1170	7356	4506	0	3716	117	0	6664	38	0	80	7594	1641	5603	594	225	773	508	6988	1423	4	115	15696	0	2870	1135	732	93	3293	1571	5	9
g__Bittarella	0	0	4	0	10	10	0	0	8	0	0	0	0	0	0	0	0	0	0	0	0	0	0	5	0	0	3	0	0	0	0	0	0	0	0	0	0	20	0	0	0	0	0	0	0	0	0	0	0	0	0	3	0	0	0	0	0	0	0	0	3	17	0	0	0	0	0	0	0	0	0	0	3	0	6	0	0	0	0	0	0	0	0	0	0	0	0	0	0	0	0	0	37	0	0	0	0	0	0	0	0	0	0	51	0	7	2	0	0	0	0	0	0	17	16	0	0	3	9	0	0	13	9	20	0	0	0	0	0	0	0	5	0	4	0	4	16	22	0	13	11	6	4	0	0	17	0	0	0	0	63	0	3	0	0	0	0	9	5	0	0	15	3	7	0	0	0	0	0	0	20	0	0	0	0	8	0	0	0	0	5	0	0
g__Blautia	257	138	11	173	29	0	250	14	234	0	23	10	79	49	123	465	90	2305	6	30	230	55	408	450	150	48	65	222	1602	0	82	87	20	0	35	1123	0	0	304	99	270	271	25	106	0	158	0	1523	36	0	32	23	8290	48	64	220	178	9	329	389	47	95	3282	15	231	1524	457	1635	88	613	9	852	208	148	292	488	241	15	42	175	0	0	0	96	4956	0	0	0	197	0	16	531	298	8208	141	67	38	0	0	429	351	486	99	1334	11	252	0	144	125	0	26	6	117	277	48	60	13	0	2323	0	102	185	40	358	0	0	158	0	0	0	420	0	0	0	386	77	796	486	14	27	1617	102	32	0	93	33	86	120	155	139	458	39	199	30	122	86	0	108	114	1181	1241	0	57	41	0	950	0	169	453	0	30	94	0	659	150	1588	0	0	54	228	22	0	36
g__Blautia_A	5929	1298	2064	2937	3435	1268	1477	1185	1265	1379	219	2487	2428	1032	1472	11500	1695	16	573	975	409	2132	2802	1141	2300	806	8748	954	1102	326	1416	1896	2869	17	3262	1076	2582	1770	713	2563	2608	3825	2924	1318	1940	391	3889	50	3522	2252	686	2757	16	2882	858	527	2952	904	1234	2399	1775	1727	10633	1370	1435	7277	5274	2755	2069	1337	1316	6368	3031	2271	6849	4268	906	2002	28	3517	27	59	7	2793	4999	17	11	1108	2691	1412	12774	830	10366	11222	7153	3866	2656	26	13	2592	4117	3958	1253	8593	977	672	2899	2065	815	1855	1194	2178	1912	1058	1482	830	678	3650	5370	1718	3060	1843	5656	2490	5428	5486	1043	1232	1263	497	2522	1894	2939	2990	2499	1778	5355	1974	3918	1909	4681	1571	7534	4163	1030	3419	2583	5202	1849	3831	6700	1641	1720	1734	2509	1121	1516	974	2478	2050	1939	2173	2403	2019	164	4982	1827	2486	5419	1571	2206	11537	1839	4357	2147	24420	1089	1266	1757	59	845	1252	956
g__Brotaphodocola	113	77	0	90	72	0	52	10	0	42	0	0	0	0	16	0	111	0	0	50	0	0	49	0	18	84	42	57	0	0	0	92	0	0	31	0	73	0	0	70	0	0	99	0	0	0	19	0	18	133	23	0	0	0	8	20	42	10	0	0	71	0	0	10	0	0	79	0	0	0	0	0	0	46	0	0	0	0	24	0	0	0	0	0	0	0	0	50	0	0	0	92	10	0	105	0	73	0	0	0	0	123	111	0	0	0	0	0	0	59	0	0	0	0	0	0	0	0	0	27	259	0	834	0	0	14	103	33	35	30	130	8	173	0	84	31	0	0	0	62	0	0	87	0	23	0	0	21	60	48	0	21	11	0	41	49	31	73	0	0	108	0	0	48	0	0	0	0	0	0	0	0	97	165	89	0	0	66	73	0	45	0	0
g__Butyribacter	0	16	0	0	0	0	28	0	0	0	0	0	0	0	0	0	0	0	0	0	0	0	0	0	0	0	0	0	0	0	0	96	0	0	0	0	0	0	0	0	0	0	0	0	0	0	0	0	0	0	0	0	0	0	0	0	0	0	0	0	111	0	0	0	0	0	0	33	0	0	0	0	0	0	0	0	0	0	0	0	0	0	0	0	0	0	0	0	0	0	0	0	0	0	0	0	0	0	0	0	0	0	0	0	0	0	0	0	0	0	0	0	171	0	0	83	0	77	0	0	0	0	0	0	0	0	0	46	0	0	0	0	0	0	0	0	0	0	0	0	0	0	0	0	0	35	0	0	0	0	0	32	30	0	0	0	0	184	0	0	0	0	0	16	0	0	0	0	0	0	0	0	0	0	0	0	0	0	0	0	0	0	0
g__CAG-170	0	0	8	0	0	0	13	4	0	0	0	0	4	52	0	0	0	0	0	0	0	0	0	0	0	0	0	0	0	0	0	0	0	0	0	0	0	0	0	12	0	0	0	0	0	0	0	0	0	0	0	0	0	0	0	0	0	0	0	0	0	0	0	0	0	0	0	0	0	0	0	0	0	0	0	0	0	0	0	0	0	0	0	0	0	0	0	0	0	0	0	0	0	0	0	0	0	0	0	0	0	0	0	0	0	0	0	0	0	0	0	0	0	0	0	0	0	14	0	0	0	0	12	0	0	57	0	12	0	0	0	0	0	0	0	0	0	0	0	0	0	0	0	0	0	0	0	0	19	0	0	11	112	0	0	0	0	214	0	0	0	0	0	0	0	0	0	0	0	0	0	0	0	0	0	0	0	0	0	0	0	0	0
g__CAG-177	0	0	0	0	0	0	0	0	0	0	6	0	0	0	0	0	0	0	0	0	0	0	0	0	0	0	0	0	0	0	0	0	0	0	0	0	0	0	0	0	0	0	0	0	0	0	0	0	0	0	0	0	0	0	0	0	0	0	0	0	0	0	0	0	0	0	0	0	0	0	0	0	0	0	0	0	0	0	0	0	0	0	0	0	3	0	0	0	0	0	0	0	0	0	0	0	0	0	0	0	0	0	0	0	0	0	0	0	0	0	0	0	0	0	0	0	0	0	0	0	0	828	0	0	0	164	0	0	0	0	0	0	0	0	0	0	0	0	0	0	0	0	0	0	0	0	0	0	0	0	0	0	0	0	0	0	0	18	173	0	0	0	0	0	0	0	0	0	0	0	0	0	5	0	0	0	0	0	0	0	0	0	0
g__CAG-217	0	0	0	0	0	0	0	0	0	0	5	0	0	0	0	0	120	0	0	0	0	0	0	0	0	0	0	0	0	0	0	0	0	0	0	0	0	0	0	0	0	0	0	0	0	0	0	0	0	0	0	0	0	0	0	0	198	0	0	0	0	0	0	0	0	0	0	903	0	0	0	0	0	0	0	0	0	0	0	0	0	0	0	0	0	0	0	91	0	0	0	0	0	0	0	0	0	0	0	0	0	0	36	0	0	0	0	0	0	0	0	0	0	0	0	0	0	0	0	0	0	0	0	0	0	102	0	0	24	0	0	0	31	0	0	0	0	0	0	0	0	0	0	0	0	0	0	0	222	0	0	27	0	0	0	0	81	0	0	0	0	0	0	67	0	0	0	0	0	0	0	0	0	0	0	0	0	0	0	0	0	134	0
g__CAG-488	0	0	0	0	0	0	7	0	0	443	0	0	26	0	0	0	0	0	0	0	0	0	163	0	0	0	0	203	0	0	0	0	0	0	0	0	304	0	0	0	0	0	0	0	0	0	0	0	0	0	0	0	0	27	0	0	0	0	0	0	0	0	0	0	0	0	0	0	0	0	0	0	105	0	0	4	0	0	0	0	0	0	0	0	0	0	0	36	0	0	0	0	0	0	0	0	0	0	0	2	0	0	0	0	0	51	0	0	21	0	0	0	0	0	0	0	0	0	0	0	0	0	0	0	0	23	0	4	0	0	0	0	0	0	0	0	0	0	0	0	55	0	0	0	0	0	0	0	0	0	0	0	0	0	0	0	0	1280	0	0	4	0	0	0	0	0	0	0	0	0	155	0	0	0	0	0	0	0	0	0	0	0	0
g__Catenibacterium	2074	0	0	0	0	0	0	0	0	0	19	0	0	0	0	0	0	0	0	0	0	0	0	0	0	0	0	0	0	0	0	0	0	0	0	0	0	0	0	0	0	337	0	0	0	2	0	0	0	0	0	0	0	0	0	0	0	0	0	0	0	0	0	0	0	0	0	0	0	0	0	0	0	0	0	0	0	0	7	0	0	28	0	0	0	0	0	0	0	0	0	0	0	0	0	0	0	0	0	0	0	0	0	0	0	3	0	0	229	0	0	0	0	0	0	0	0	0	0	0	0	0	0	0	0	0	3	0	0	785	0	0	0	0	0	0	0	0	0	0	23	0	0	0	0	0	0	0	0	0	0	0	0	0	3	0	0	0	0	0	0	0	0	0	0	0	0	0	0	0	0	0	388	0	1008	0	0	0	0	0	0	0	0
g__Choladousia	24	36	0	0	69	0	15	0	0	11	0	0	0	25	8	0	0	0	0	0	0	0	0	0	0	0	0	0	0	0	0	49	0	0	0	0	0	0	0	31	0	0	0	0	0	0	0	0	0	0	0	0	0	0	0	0	13	0	0	0	0	0	0	0	0	0	0	0	0	0	0	0	0	0	0	0	0	0	0	0	0	0	0	0	0	0	0	61	0	0	0	0	0	0	0	0	0	0	0	0	0	0	44	0	0	0	0	0	0	0	0	0	0	0	129	0	0	37	0	0	0	0	0	0	0	25	0	0	0	0	0	0	0	0	0	0	0	0	0	0	0	0	0	0	25	0	0	0	12	0	0	0	13	0	29	26	30	0	0	0	0	0	0	40	0	0	0	0	0	0	0	0	70	0	0	0	0	0	0	0	0	0	0
g__Clostridium	9	0	166	616	0	8	519	17	88	85	22	66	4	1130	8	10	16	4	16	0	0	43	0	251	170	6355	388	2572	140	0	215	58	0	0	0	34	0	81	0	37	0	0	6	0	57	43	161	4	9	0	0	0	34	156	0	0	0	39	0	0	18	31	0	4916	73	0	29	13	2984	1645	3771	27	2118	0	18	98	24	0	0	477	213	0	0	0	0	0	0	348	35	0	16	7	148	122	994	93	0	0	4	0	30	0	0	3	14	0	21	0	19	29	143	68	784	0	243	0	64	274	155	192	1236	298	0	345	0	178	6	0	0	0	3	27	537	0	58	4	111	0	0	0	10	0	289	120	0	242	74	0	0	64	820	125	437	53	21	14	436	251	36	8	7	251	0	34	18	191	0	0	246	14	204	0	16	0	0	0	0	38	288	12	9	0	0
g__Clostridium_A	0	0	838	0	43	34	0	39	114	7	17	20	58	0	20	40	0	13	24	0	0	14	6	11	11	0	17	1	14	0	0	0	14	12	8	10	42	244	7	0	19	12	22	16	29	60	76	0	13	0	21	12	17	9	11	0	352	5	0	0	42	0	0	0	50	0	425	101	0	0	0	3	32	9	322	42	0	0	0	0	0	0	0	43	0	31	21	0	0	0	87	0	0	0	184	31	0	30	26	12	20	5	0	68	3	10	40	33	6	10	90	22	0	34	0	557	13	1181	169	22	7	300	25	69	0	103	0	22	6	0	2	71	20	24	3	76	91	68	15	28	78	5	5	0	24	56	5	21	4	230	53	16	32	9	65	7	6	0	16	84	21	89	0	3	0	51	6	19	8	19	15	7	34	13	7	0	15	10	5	0	51	0	0
g__Clostridium_AP	0	0	19	0	28	0	0	0	16	0	0	0	0	0	0	0	0	0	0	0	0	104	0	0	0	0	100	0	0	0	0	0	0	0	0	0	0	0	0	0	0	0	0	0	0	0	0	0	0	0	13	52	0	0	0	0	0	0	0	0	0	74	0	0	209	0	0	0	0	0	0	0	0	0	42	227	0	0	0	0	0	0	0	71	0	0	0	0	0	0	0	0	37	0	0	0	0	0	0	0	7	0	0	332	0	0	0	0	0	0	198	5	27	0	48	45	0	63	268	0	0	0	0	154	0	0	0	0	0	0	0	14	0	53	0	14	102	89	11	32	168	0	20	0	0	203	0	5	0	25	38	0	0	0	0	0	0	0	9	0	0	33	0	0	0	0	0	40	0	0	25	0	0	0	42	0	0	0	0	0	0	0	0
g__Collinsella	3805	8108	2494	9623	6246	896	89	2428	11140	1068	1259	7	3	1634	104	52	6427	2	3001	3756	0	1081	1299	0	493	29	0	1494	0	3	0	1069	5341	2008	0	685	2238	0	4	1230	0	2008	481	0	950	22	12	2	1452	259	179	4792	5	7938	876	431	5468	2002	1484	0	2705	0	0	264	0	0	890	6236	0	1825	2	0	1547	2588	2	2982	4544	3	6	2541	44	793	6	6	9603	15	7	1170	0	2754	731	30	2314	11	38	1452	0	3	6400	3	1402	27	2389	0	203	694	3434	1323	1867	174	4797	3165	0	0	0	547	654	4	8	3680	1956	5540	0	3	6	3564	0	1796	349	559	298	2437	0	0	4455	1081	9	3	0	0	56	8393	16021	372	13012	4227	897	6	766	4755	7065	1188	951	630	1310	626	3176	7	18	0	651	0	2	4941	4378	6781	1119	0	3	614	5902	3	395	3768	449	0	23	2346	16	42	915	1407	5
g__Coprococcus_A	218	75	0	75	0	0	20	61	0	41	6	0	14	90	0	0	99	0	0	50	0	0	56	0	70	0	0	0	0	0	0	51	0	0	48	0	87	172	0	54	0	0	90	0	0	0	212	0	31	0	0	0	0	0	0	37	15	0	0	0	0	93	0	0	0	0	0	0	0	0	0	0	64	66	0	0	0	0	0	0	0	0	0	0	0	0	0	0	0	0	0	0	0	0	384	0	0	0	0	0	0	0	71	0	0	18	47	29	16	0	65	55	23	0	0	0	0	0	0	55	0	0	75	120	0	233	38	0	27	0	0	56	207	0	0	0	0	0	0	0	0	0	127	0	53	0	0	92	23	0	0	0	94	0	39	0	70	54	0	0	54	0	0	121	0	0	0	68	0	54	0	0	77	0	19	0	34	28	0	0	0	0	0
g__Dialister	244	0	162	149	26	0	0	340	0	372	0	0	0	0	0	0	0	0	59	0	0	405	4	222	0	0	0	0	0	583	1481	52	25	0	0	2	0	328	561	224	1013	87	179	0	0	46	4	0	542	0	413	0	5	14	113	0	2132	84	0	7	358	477	0	0	0	1184	16	1457	559	16	4	866	0	0	20	0	57	0	400	1019	0	294	0	0	1881	460	0	13	0	69	0	1770	788	917	46	0	1749	515	0	346	257	0	0	650	0	0	7	0	29	0	5	5	0	0	271	4	30	104	0	831	0	823	10	1606	0	0	0	29	0	0	0	9	0	2	0	1266	452	664	941	0	902	723	142	0	0	504	1337	0	0	1135	1965	194	8	5	0	136	2	0	4	551	0	513	0	254	0	0	479	380	0	480	364	429	0	0	0	330	3	95	306	4	0	413	0
g__Dorea	275	71	22	60	0	0	34	147	0	67	4	0	55	204	0	0	32	0	0	34	0	0	198	0	0	0	0	115	0	0	0	22	0	0	45	0	0	108	0	88	0	0	119	143	487	120	79	0	232	0	82	0	0	89	104	64	0	0	0	0	0	0	0	0	206	0	0	0	0	58	0	0	0	158	0	733	0	0	0	397	0	8	0	0	278	5	0	31	127	0	415	0	674	0	680	0	30	0	5	0	139	206	86	0	0	180	78	0	41	0	26	119	126	0	0	0	279	189	0	334	240	0	0	155	0	104	201	52	44	17	0	64	395	0	24	140	0	0	130	0	49	206	0	0	86	0	217	0	75	101	263	29	215	0	64	78	36	24	0	0	88	135	134	44	93	0	26	288	0	54	0	0	73	0	88	0	53	59	0	0	40	71	0
g__Dorea_A	270	368	0	154	0	0	90	139	0	88	18	0	194	116	10	0	432	0	27	146	0	0	355	0	0	0	0	104	0	0	0	28	0	0	86	0	466	0	0	59	904	0	227	0	196	78	205	0	376	0	59	0	0	397	205	48	135	0	244	346	0	0	0	421	0	0	0	906	0	0	673	0	304	210	0	0	0	6	9	0	0	0	0	0	0	0	0	37	479	0	210	10	1332	0	980	1987	803	11	0	0	304	0	102	0	0	107	5	79	43	146	845	899	0	0	0	352	263	0	0	450	475	445	1041	0	0	311	299	213	60	0	0	277	1145	0	0	283	0	0	697	71	19	0	0	0	1936	0	279	0	169	333	5	93	423	50	113	241	114	186	278	0	141	626	183	150	228	0	47	746	0	282	976	0	14	2554	0	0	129	90	0	7	66	0	128
g__Dorea_D	0	0	0	0	0	0	0	0	0	0	0	0	0	0	0	0	0	0	0	0	0	0	0	0	0	0	0	0	0	0	0	0	0	0	25	0	0	0	0	0	0	0	0	0	0	0	0	0	0	0	0	0	0	0	0	0	10	0	0	0	0	0	0	0	0	0	0	0	0	0	0	0	0	0	0	0	0	0	0	0	0	0	0	0	0	0	0	0	0	0	0	0	0	0	0	0	0	0	0	0	0	0	0	0	0	0	0	0	0	0	0	0	0	0	0	0	0	0	0	0	0	131	254	0	0	0	0	0	0	0	0	0	0	0	0	0	0	938	0	0	504	0	0	0	0	0	217	201	0	0	0	0	45	0	0	0	0	0	0	0	17	17	0	0	0	146	0	0	0	0	0	0	84	0	0	0	0	0	0	0	0	0	0
g__Dysosmobacter	17	64	103	19	421	104	5	29	122	116	0	0	19	65	12	0	48	0	536	0	0	68	41	14	0	0	102	10	0	0	0	0	29	0	51	0	77	259	0	483	0	283	39	9	0	338	40	0	0	0	261	21	11	0	5	10	316	0	0	3	18	0	0	0	79	110	405	298	0	49	0	20	129	0	0	149	0	0	0	0	0	0	0	3	0	0	0	19	0	0	30	2362	337	0	134	0	0	2	0	0	93	0	17	392	0	16	51	74	10	0	266	111	2	739	0	274	2	229	0	11	67	248	335	94	0	216	153	70	17	22	0	131	97	38	2	51	305	134	0	216	113	96	13	48	0	312	102	47	133	82	31	62	145	188	100	29	64	68	82	0	54	164	0	18	0	106	48	62	0	30	64	0	130	0	21	0	31	16	0	0	50	20	11
g__Eggerthella	45	0	28	108	25	164	0	52	1081	11	0	0	27	30	453	0	0	0	41	0	22	0	15	643	57	0	65	2	0	200	125	20	182	19	0	40	31	133	0	13	157	8	87	117	0	161	0	0	9	0	47	64	0	0	0	20	50	0	23	20	33	404	168	0	297	142	109	31	4	29	0	0	22	6	215	84	0	106	282	173	0	140	0	239	412	0	0	4	79	23	31	107	131	0	8	65	0	1205	74	0	44	36	5	212	0	16	5	7	0	0	165	27	27	137	0	88	35	87	0	26	79	30	239	611	0	110	36	4	0	4	30	0	136	103	0	54	197	132	33	94	650	33	43	209	37	1110	32	262	0	40	127	45	108	52	37	5	72	21	44	117	9	33	54	4	16	88	36	68	33	19	236	0	9	690	33	0	68	0	58	141	0	17	19
g__Enterobacter	0	0	0	0	0	0	24	0	0	0	0	362	0	0	0	0	0	0	0	136	0	0	0	24	0	213	89	462	32	0	24	313	0	0	0	0	0	10	0	0	0	705	0	0	0	0	0	0	0	0	0	0	22	0	48	0	0	0	0	0	0	0	0	0	0	0	0	0	0	0	0	0	0	0	0	0	0	56	32	0	308	0	1445	1131	0	0	0	0	0	0	0	0	0	0	31	0	0	0	60	0	0	0	0	0	0	0	14	68	0	0	0	0	15	0	0	0	0	0	18	0	0	0	0	5	0	0	0	0	0	0	0	0	0	38	0	39	0	0	29	13	0	0	22	16	642	0	0	0	0	0	175	0	0	0	59	0	0	0	0	107	0	0	0	0	0	0	0	0	0	0	14	26	0	0	0	0	20	0	0	0	43	0	46
g__Enterocloster	161	390	162	196	198	87	37	74	127	14	77	1747	310	0	621	3376	312	403	453	224	723	96	335	347	62	143	926	91	2110	735	602	21	54	106	267	71	420	333	135	297	20	157	334	74	7	131	99	449	46	125	81	122	296	35	7	129	148	0	189	74	87	792	2602	329	64	387	964	340	505	162	0	495	61	317	160	30	265	72	220	56	315	21	0	1175	123	618	2917	0	255	218	76	200	267	3618	126	39	231	43	441	298	383	616	125	1054	410	555	43	425	155	3168	345	728	110	628	140	138	97	393	5834	349	1405	419	576	731	40	56	2998	218	61	79	974	22	542	209	369	309	1243	893	65	1164	624	774	103	560	678	164	348	127	69	596	726	113	0	124	120	223	60	38	286	1834	111	154	350	191	0	1483	0	350	475	298	200	377	8	606	1363	200	77	70	39	933	252	14	165
g__Enterococcus	0	0	0	0	0	0	0	0	0	7	0	13	0	0	0	0	0	0	0	0	4	0	0	0	0	58	0	0	4	30	0	0	0	0	0	0	0	0	7	0	0	0	0	0	0	0	0	2	0	0	0	0	0	0	0	0	0	0	0	5	0	0	0	0	0	0	117	0	0	0	0	0	0	0	0	0	0	0	14	0	521	0	0	0	0	0	0	0	0	0	0	0	0	0	0	0	0	0	0	0	0	0	0	0	0	0	0	0	0	0	0	0	0	0	0	0	0	0	0	0	0	0	54	0	44	0	0	0	0	0	0	0	0	0	0	0	0	0	0	0	0	0	0	0	0	0	0	0	0	0	0	0	0	0	0	0	0	0	0	0	0	0	0	0	0	0	0	0	0	0	0	0	0	12	0	0	0	0	0	83	4	0	0
g__Enterococcus_A	0	0	0	0	0	0	0	0	35	0	0	0	0	0	572	0	0	0	0	0	0	0	0	0	0	0	0	0	0	118	0	0	0	0	0	0	0	0	0	0	0	18	0	0	0	0	0	0	0	0	0	0	0	0	0	0	0	0	0	0	0	0	0	0	0	0	35	0	0	0	0	0	0	0	0	10	0	0	0	0	0	0	385	0	0	69	28	0	0	30	0	60	0	0	0	16	0	0	33	0	0	0	0	0	0	0	0	0	0	0	0	0	0	0	0	0	0	0	0	0	0	0	0	0	294	0	0	0	0	0	15	0	0	0	0	0	0	0	0	185	0	0	0	0	0	0	5	0	0	0	0	0	0	0	0	0	0	0	0	0	0	0	10	0	0	0	0	0	0	0	0	0	0	0	0	0	0	0	5	0	0	0	0
g__Enterococcus_B	0	0	0	0	0	106	19	0	0	20	28	147	550	0	0	21	0	0	0	0	131	0	0	0	0	0	0	0	81	0	0	22	6	0	11	51	0	0	44	0	17	0	0	0	0	7	0	123	235	0	0	0	37	29	0	0	11	0	37	42	0	15	33	3	20	31	0	0	76	217	0	180	5	0	11	0	0	10	0	0	854	14	763	0	0	0	0	18	0	0	0	417	0	0	0	0	38	0	113	117	6	5	0	1258	0	0	113	0	0	8	36	14	0	0	0	11	5	0	263	0	0	8	0	0	49	0	80	0	0	0	0	585	0	0	0	0	0	0	0	0	226	0	0	0	0	4	0	0	0	0	0	0	0	7	0	0	0	6	0	0	0	1357	0	0	6	0	0	4	0	12	53	0	0	447	7	0	0	27	0	296	16	0	0
g__Eubacterium_F	0	0	52	0	0	0	0	0	0	0	0	0	0	0	0	0	0	0	0	0	0	0	0	0	0	0	0	0	0	0	0	0	0	0	0	0	32	0	0	0	119	0	0	0	0	0	0	0	0	0	0	0	0	0	0	0	0	0	0	0	22	41	0	0	0	0	0	454	0	0	0	0	0	0	0	0	0	0	0	0	0	0	0	0	0	0	0	0	0	0	0	0	0	0	0	0	0	0	0	0	0	0	0	209	0	0	0	0	0	0	0	0	0	0	64	0	0	0	0	0	0	0	0	0	0	30	0	32	0	0	0	0	0	0	0	0	0	0	0	0	0	0	0	0	0	0	0	0	0	0	0	0	0	0	72	0	33	147	0	0	41	0	0	0	0	0	0	0	0	0	0	0	0	0	0	0	0	0	0	0	0	0	0
g__Eubacterium_G	33	111	62	75	68	0	35	17	0	34	0	0	0	30	0	0	0	0	0	0	0	0	65	0	42	11	113	0	0	0	0	0	0	0	42	0	118	100	9	0	0	15	160	185	0	511	45	0	0	0	83	32	0	55	14	37	89	0	0	0	89	0	0	0	44	38	0	1227	0	0	129	0	0	66	64	0	0	0	0	0	0	7	0	29	0	0	0	40	0	0	444	385	134	0	396	0	0	0	0	0	0	0	0	0	0	0	39	0	0	13	0	49	88	494	108	0	121	245	0	56	96	0	68	0	0	118	44	25	24	19	0	56	152	0	154	0	90	145	0	0	0	17	32	0	8	7	155	29	11	110	42	76	4	0	176	0	0	268	13	0	71	64	0	0	0	0	0	27	0	58	59	0	75	0	0	0	11	12	50	0	41	83	0
g__Eubacterium_I	0	86	116	60	215	0	15	134	0	287	0	0	85	147	0	0	0	0	220	114	0	0	210	0	0	0	0	19	0	0	0	70	0	0	0	0	26	0	0	101	0	706	0	41	0	0	0	0	99	0	67	63	0	49	60	151	0	0	63	0	0	0	0	0	0	0	0	0	0	1093	0	0	209	70	0	0	0	0	0	0	0	0	0	0	0	0	0	0	0	0	142	0	517	0	164	0	0	0	0	8	634	0	67	0	0	38	91	0	0	155	0	216	0	54	0	144	0	364	0	48	269	0	99	0	0	101	24	70	61	0	0	65	505	0	0	84	0	0	0	0	44	0	0	0	34	57	248	133	66	0	269	9	144	34	100	106	43	0	0	0	182	141	0	94	0	0	0	0	0	0	0	0	40	0	121	0	184	69	0	0	114	0	0
g__Evtepia	82	9	84	11	287	0	0	0	518	30	2	11	151	79	0	0	0	0	0	0	0	0	0	2	0	0	0	0	0	0	0	0	0	0	0	0	150	274	0	28	0	0	0	0	0	0	0	0	0	0	20	0	0	0	0	0	76	0	0	0	47	0	0	0	0	0	0	0	2	0	0	0	18	0	0	0	0	0	0	0	0	0	0	0	0	0	0	0	0	0	0	0	307	0	0	0	0	0	0	0	45	0	0	0	0	20	44	35	9	0	232	118	36	65	0	0	0	148	0	21	0	0	194	0	0	227	53	0	22	0	0	0	132	0	0	0	0	139	0	0	105	0	5	0	0	315	0	0	77	0	0	93	251	20	0	0	0	138	109	0	14	0	0	0	0	0	0	61	0	40	0	92	54	0	0	0	0	0	0	0	0	0	0
g__Faecalibacterium	1933	3029	6577	1433	6037	3653	2113	2672	781	4893	1307	29	8020	4939	10551	15	4693	14	1406	382	14	4528	5961	6	1851	510	767	7228	0	10	8	4032	5523	15869	573	5607	399	3504	22	1422	5593	8974	4888	660	1892	2069	2088	29	2459	1734	4946	201	17	2608	1840	3253	3933	571	1635	0	1482	6	0	9	10684	1543	8482	6603	16	11400	14	9	8068	2266	3463	6776	20	3901	5523	7922	28	1316	0	45	9792	16	13	6068	1299	7	11200	6433	3284	14	14342	1760	15	240	12	215	4920	17	2111	8538	346	0	2919	216	69	93	180	98	538	0	0	209	3946	3865	1394	1577	5289	1346	3964	4373	1034	1467	0	3141	831	360	13	1505	11904	1988	0	1385	493	601	201	11609	295	2552	1014	2348	9342	857	5202	4526	7919	5171	0	2651	4178	1867	3131	1238	2522	3634	3970	70	4548	3340	1394	1702	160	451	22	497	0	3848	2541	0	2416	0	0	6	3266	2794	1288	28	386	602	30
g__Faecalimonas	0	0	82	0	0	0	0	0	0	9	0	208	0	0	1412	479	0	246	0	0	127	7	0	863	39	175	191	0	4124	0	292	11	0	0	0	268	0	654	176	0	35	11	0	154	0	0	0	593	0	0	0	267	363	0	0	0	11	26	140	0	0	94	1292	180	0	23	0	70	505	218	0	586	98	0	78	152	280	9	3021	0	12	0	0	191	386	0	1767	0	376	0	0	25	0	4339	0	73	118	23	2939	314	0	739	0	568	187	147	0	57	150	48	290	622	68	302	249	9	0	350	1689	67	0	161	0	33	0	0	1011	0	0	44	388	0	0	120	122	0	27	55	9	224	640	200	180	1285	0	0	155	0	0	21	604	13	0	0	0	0	0	0	0	41	0	0	0	45	0	1043	0	132	528	0	0	477	0	125	244	0	0	0	29	0	0	0	27
g__Faecousia	0	0	0	0	97	0	0	0	0	13	0	0	0	0	0	0	0	0	0	0	0	0	0	0	0	0	0	0	0	0	0	0	0	0	0	0	12	0	0	0	0	0	0	0	0	0	0	0	0	0	0	0	0	0	0	0	0	0	0	0	0	0	0	0	0	0	0	13	0	0	0	0	9	0	0	0	0	0	0	0	0	0	0	0	0	0	0	0	0	0	0	0	0	0	0	0	0	0	0	0	0	0	0	0	0	0	0	0	0	0	14	0	0	0	0	0	0	0	0	0	0	0	72	0	0	61	0	0	0	0	0	0	53	0	0	0	0	0	0	0	0	0	0	0	0	34	0	0	0	0	0	7	80	0	0	0	5	0	21	0	0	0	0	0	0	0	0	0	0	0	0	0	0	0	0	0	0	0	0	0	0	0	0
g__Finegoldia	0	0	0	0	0	0	0	0	86	0	3875	0	0	0	0	0	0	0	7	0	25	0	0	0	0	0	0	0	0	9	0	0	0	0	0	0	0	0	0	0	0	0	0	0	0	0	0	0	20	0	0	0	0	0	0	0	0	0	0	0	0	0	0	0	4	0	26	0	0	0	0	0	0	0	0	8	0	0	0	0	137	366	0	0	0	0	0	0	0	4	0	0	0	0	0	6	0	2605	0	5	8	0	0	0	0	0	0	0	0	0	0	0	0	0	0	0	0	0	0	0	0	8	0	3	0	0	0	0	0	0	0	0	0	0	0	0	0	0	0	0	0	0	0	0	0	0	0	0	0	0	0	0	0	0	0	0	0	0	0	11	0	0	0	0	0	0	0	0	0	0	0	8	0	0	0	0	0	0	0	0	0	0	0
g__Flavonifractor	8	7	74	10	179	74	0	7	154	5	293	310	323	0	404	151	58	255	302	5	18	236	0	26	0	0	161	0	32	0	601	4	23	34	50	23	29	161	28	27	188	147	134	62	12	210	108	9	2	20	61	32	0	11	19	0	79	6	83	41	87	236	14	0	579	120	220	202	226	16	373	44	32	0	57	141	426	16	11	118	0	0	0	0	457	431	0	17	37	127	15	3339	423	737	0	12	0	31	430	44	73	34	5	230	52	16	22	55	169	0	136	218	0	1186	162	77	0	80	1631	103	48	81	138	1196	47	50	97	22	9	26	210	23	37	0	42	173	442	105	59	239	105	103	31	0	7	123	27	115	18	135	79	142	37	119	5	12	0	4	97	1628	5	146	0	11	0	104	70	63	0	9	37	481	5	205	26	399	26	0	29	489	34	42	10
g__Fusicatenibacter	1122	510	816	1319	1113	349	566	559	0	194	35	7	0	252	25	0	1357	8	0	188	836	55	656	0	256	516	1549	406	4	0	0	247	0	4	1486	0	189	334	8	21	1208	11	821	896	0	132	919	6	3	0	240	123	6	669	121	476	2100	82	0	0	0	680	0	352	174	0	9	0	5	0	712	208	489	229	4	5	0	795	9	405	5	7	0	8	0	10	6	228	550	28	6	1773	752	7	1151	0	485	28	0	0	0	85	371	0	390	0	1043	0	18	194	428	612	7	512	798	1221	10	498	49	554	1709	754	472	165	205	949	476	375	317	146	0	377	2236	1347	208	0	189	1647	632	65	1115	532	1702	1242	506	370	751	664	749	242	0	518	675	431	1186	504	374	1167	438	14	691	604	545	328	228	0	0	662	759	635	1324	3	895	0	177	0	1409	752	20	14	317	1087	6
g__Fusobacterium_A	0	0	0	0	0	0	0	0	0	0	0	0	0	0	0	0	0	0	0	0	0	0	0	0	0	0	29	0	0	0	0	0	0	0	0	0	0	0	0	0	0	0	0	0	0	0	29	0	0	0	0	0	331	0	0	0	0	0	0	0	0	14	0	127	0	3	0	0	0	0	0	0	0	0	0	0	3070	0	0	36	0	0	0	0	6	0	0	0	117	0	0	0	0	0	0	0	447	0	0	249	0	0	0	119	0	0	0	0	1374	37	0	83	0	0	0	199	0	7	0	0	0	22	0	0	0	0	0	0	0	0	0	0	0	0	0	0	27	0	27	18	0	12	0	476	0	0	7	0	0	0	0	0	0	0	0	0	0	0	8	1964	0	0	0	0	0	0	0	0	328	0	6	0	0	0	0	0	0	0	0	0	0	0	0
g__Gallintestinimicrobium	68	15	143	79	0	0	41	114	0	6	0	0	0	0	15	0	0	0	0	0	0	0	0	0	0	0	0	0	0	0	0	0	0	0	14	0	0	0	0	0	0	0	0	0	0	7	24	0	0	0	0	19	0	42	9	11	44	0	9	0	61	512	0	0	0	0	0	0	0	0	0	0	0	0	0	0	0	0	33	0	0	0	0	0	0	0	0	52	0	0	0	0	0	0	0	0	0	0	0	0	134	0	0	0	0	0	44	0	0	0	0	17	138	0	0	0	66	45	0	0	109	0	84	0	0	18	0	56	0	0	0	8	141	0	0	20	0	29	0	0	0	0	0	49	4	0	0	83	96	0	0	0	40	0	79	0	121	117	0	0	32	86	0	43	28	0	0	0	0	63	0	0	12	0	0	0	0	40	0	0	0	0	0
g__Gemella	0	0	4	0	0	0	0	0	0	0	0	0	0	0	0	6	0	0	2	0	0	0	0	0	0	0	8	0	0	0	0	0	0	11	0	0	4	0	0	0	7	8	0	0	15	0	0	0	0	0	0	0	0	0	3	0	0	0	0	0	0	0	0	0	0	0	0	2	0	0	0	0	0	7	0	0	0	14	0	0	0	0	0	9	0	6	9	0	13	0	3	0	13	0	0	0	0	0	5	3	0	0	0	0	0	0	0	0	0	0	5	0	0	0	0	2	0	7	22	0	0	0	0	6	0	0	0	0	0	0	0	0	5	0	0	4	4	6	0	3	0	0	7	0	0	0	0	0	0	0	4	0	0	0	0	0	0	0	0	0	0	0	0	0	0	13	0	0	0	0	0	0	0	0	0	0	0	6	0	0	7	0	0
g__Gemmiger	786	366	492	1417	0	0	269	165	0	332	157	0	624	708	16	0	0	5	143	60	0	200	0	0	0	0	66	79	3	0	0	81	0	220	893	4	279	0	0	0	0	0	641	0	0	862	1292	10	173	381	627	532	0	0	106	236	643	17	0	0	0	0	0	0	160	2	7	0	0	0	0	0	415	0	0	2312	3	4	15	0	0	49	0	407	0	0	0	91	0	0	0	1983	6	5	11	0	0	7	4	0	3600	0	287	0	0	3	1075	0	39	8	220	335	0	133	0	0	315	1450	0	302	3	915	2014	4619	0	825	0	371	154	114	0	1049	196	917	4	317	0	603	2562	0	112	123	0	0	439	0	3	1013	1464	67	0	723	371	1185	976	181	1470	937	15	0	445	1091	1517	476	105	676	500	1388	0	433	0	0	105	93	0	0	797	242	7	11	0	73	0
g__Gordonibacter	0	0	0	4	17	34	0	0	108	0	0	0	0	8	0	0	0	0	0	0	0	0	0	0	0	0	0	0	0	0	0	0	0	0	0	0	4	0	0	0	0	0	0	0	0	22	25	0	0	0	0	0	0	0	0	0	17	0	0	0	0	0	0	0	24	0	0	24	0	0	0	0	0	0	0	0	0	0	0	0	0	0	0	11	0	0	0	0	0	0	0	0	0	0	11	0	0	0	0	0	0	0	0	35	0	0	0	0	0	0	16	0	0	0	11	7	0	0	0	0	0	0	27	0	0	42	0	0	0	0	0	0	0	10	0	15	0	8	0	5	0	0	0	0	0	0	3	2	0	0	0	0	16	0	0	0	0	11	0	0	0	4	0	0	0	0	0	0	0	0	23	0	0	0	0	0	0	0	0	0	0	0	0
g__Granulicatella	5	0	0	4	0	0	0	0	0	0	0	10	0	0	14	24	5	0	0	0	0	0	0	0	0	0	0	0	0	0	0	0	0	47	0	0	0	0	0	0	6	8	3	0	18	0	3	13	0	0	0	0	0	0	0	0	0	0	5	0	0	0	15	12	0	0	0	10	20	0	0	8	0	9	0	0	0	18	0	0	157	136	9	8	5	22	9	0	0	0	0	1080	6	11	6	0	0	0	11	8	0	0	0	5	0	0	0	0	0	0	0	0	0	13	0	0	0	18	78	0	5	0	0	8	9	0	0	0	0	0	0	0	0	8	0	14	0	6	0	0	4	0	8	11	10	7	0	6	0	4	9	7	0	0	0	0	0	0	0	0	0	0	0	0	0	16	0	0	0	0	0	0	0	0	0	0	4	6	0	0	10	0	9
g__Guopingia	0	0	9	0	19	0	0	0	8	0	0	0	0	0	0	0	0	0	0	0	0	0	0	0	0	0	0	0	0	0	0	0	0	0	0	0	0	0	0	6	0	0	0	0	0	0	0	0	0	0	0	0	0	0	0	0	0	0	0	0	10	0	0	0	49	0	0	25	0	0	0	0	0	0	0	0	0	0	0	0	0	0	0	0	0	0	0	0	0	0	0	0	0	0	0	0	0	0	0	0	0	0	0	66	0	0	0	0	0	0	32	0	0	0	0	0	0	10	13	0	0	10	0	36	0	29	0	2	0	0	0	19	21	0	0	0	16	0	0	6	13	0	0	0	0	27	0	0	3	0	0	3	19	0	0	0	0	9	17	0	0	17	0	0	0	0	11	0	0	0	0	0	0	0	0	0	0	0	0	0	17	0	0
g__Haemophilus_D	0	21	0	6	0	0	0	0	0	226	0	0	0	3	23	5	0	0	8	8	0	16	0	0	33	376	0	114	0	7	336	22	19	282	0	0	0	0	0	0	0	415	112	0	0	0	0	0	0	1177	5	0	5	0	0	0	4	0	0	0	0	127	0	24	0	6	197	0	123	485	180	17	28	114	8	0	7	15	0	66	0	1297	154	0	69	152	0	19	12	0	26	0	0	0	332	13	0	19	10	0	337	4	0	26	94	0	38	0	0	0	0	0	38	0	107	11	38	22	318	0	115	3	21	36	0	0	47	10	0	0	0	8	0	35	0	112	0	0	7	0	3	0	120	81	342	0	0	0	0	4	16	26	0	12	8	51	41	0	13	0	0	9	15	14	224	55	7	10	0	0	0	0	0	0	0	5	130	15	0	0	0	3	147
g__Holdemanella	0	5	0	0	0	0	517	0	0	0	53	0	0	0	0	0	0	0	0	0	0	0	0	0	0	0	0	0	0	0	0	0	0	0	0	0	0	0	0	0	0	0	0	0	0	0	0	0	0	618	0	0	0	0	102	709	0	0	0	0	0	0	0	0	0	0	0	0	0	0	0	0	0	0	0	0	0	0	0	0	5	492	2	0	0	0	0	0	0	0	0	9	2787	0	0	0	0	0	0	4	0	0	635	0	0	709	0	0	3	0	0	0	0	0	0	0	0	0	0	0	0	1010	0	0	0	0	0	0	0	91	0	0	0	0	0	0	0	0	0	0	81	2	0	0	0	0	0	0	0	0	0	0	0	0	0	0	0	0	0	0	0	0	0	0	0	0	0	0	0	5	0	0	0	0	0	0	0	4	0	0	8	0	0
g__Holdemania	0	0	4	0	37	0	0	4	2	0	0	0	0	0	0	0	22	0	0	0	0	0	0	0	0	0	0	0	0	0	0	0	12	0	0	0	9	0	0	0	0	0	0	0	0	62	10	0	0	0	6	0	0	0	0	0	6	0	0	0	0	0	0	0	0	6	0	17	0	28	0	0	72	0	3	3	0	0	0	0	0	0	0	0	0	0	0	2	0	0	0	0	0	0	46	0	0	0	0	0	15	0	0	0	0	10	5	0	0	0	2	4	0	0	0	6	0	26	64	0	0	5	24	53	0	6	6	4	0	0	0	0	0	14	0	12	35	28	0	0	0	5	0	0	0	35	0	3	10	3	7	0	2	6	5	2	4	13	16	0	0	44	0	0	0	0	0	9	0	4	0	0	0	0	0	0	5	0	0	0	0	0	0
g__Hominenteromicrobium	27	4	0	0	0	0	98	76	0	16	0	0	44	3	0	0	0	0	0	0	0	0	0	0	0	0	0	0	0	0	0	0	0	0	207	0	293	136	0	0	0	0	0	0	0	0	0	0	0	0	155	0	0	0	0	8	1663	0	0	0	0	0	0	0	0	0	0	0	0	0	0	0	0	0	0	161	0	0	0	0	0	0	0	0	0	0	0	256	0	0	151	3	122	0	0	0	0	0	0	0	0	0	0	0	0	0	0	0	0	0	0	0	0	0	0	0	0	0	0	12	77	0	85	421	0	0	0	16	0	0	0	46	49	0	0	0	0	0	0	0	0	0	0	0	6	0	135	0	0	0	0	265	97	0	60	0	13	63	158	0	132	0	0	54	0	0	9	0	0	0	0	0	35	0	0	0	0	0	0	0	0	0	0
g__Hominibacterium	0	0	23	0	61	0	0	0	503	0	0	0	0	0	0	0	0	0	0	0	0	0	8	0	0	0	14	0	0	0	0	0	0	0	0	0	13	0	0	12	0	0	0	0	0	0	0	0	0	0	0	0	0	0	0	0	0	0	0	0	19	0	0	0	0	0	0	43	0	0	0	0	0	0	0	0	0	0	0	0	0	0	0	0	0	0	0	0	0	0	0	0	0	0	0	0	0	0	0	0	0	0	0	81	0	0	0	0	3	0	0	0	0	0	0	0	0	22	0	0	0	23	29	0	0	26	0	0	0	0	0	3	0	0	0	0	83	60	0	0	5	0	0	0	0	60	0	0	9	0	0	0	6	0	0	0	0	24	0	0	0	9	0	0	0	0	0	0	0	0	0	0	0	0	0	0	0	0	0	0	12	0	0
g__Hominicoprocola	0	0	153	17	68	0	12	0	0	111	4	0	0	520	0	0	0	0	0	0	0	0	0	0	0	0	0	0	0	0	0	0	0	0	0	0	53	0	0	0	0	244	0	0	0	0	0	0	0	0	0	0	0	0	0	94	547	0	0	0	0	0	0	0	0	0	0	0	0	0	0	0	0	0	0	0	0	0	0	0	0	521	0	0	0	0	0	0	0	0	98	0	0	0	648	0	0	0	0	0	68	0	10	0	0	0	77	0	0	0	0	4	0	0	0	0	2	0	0	11	0	0	630	0	0	180	0	139	71	0	0	0	948	0	0	0	0	0	0	0	7	0	0	0	0	0	0	0	162	0	0	20	48	0	87	0	53	160	0	2	50	639	0	3	0	0	0	0	0	19	0	0	153	0	0	0	0	23	0	3	0	0	3
g__Hominifimenecus	0	0	0	54	0	0	0	0	0	0	0	0	0	0	0	0	0	0	0	0	0	0	0	0	0	0	0	0	0	0	0	0	0	0	0	0	0	0	0	0	0	0	0	0	0	0	0	0	0	0	0	0	0	0	0	17	0	0	0	0	0	0	0	0	0	0	0	0	0	0	0	0	0	0	0	0	0	0	0	0	0	0	0	0	0	0	0	0	0	0	0	0	0	0	0	0	0	0	0	0	0	0	12	0	0	0	0	0	0	0	0	0	0	0	0	0	0	0	0	0	0	0	0	0	0	0	0	0	0	0	0	0	0	0	0	0	0	0	0	0	0	0	0	0	0	0	0	0	0	0	0	0	0	0	0	0	0	0	0	0	11	0	0	21	0	0	0	0	0	0	0	0	0	0	0	0	0	0	0	0	0	0	0
g__Hominilimicola	195	109	192	612	192	0	8	42	4	135	16	0	246	19	11	0	69	0	0	0	0	0	0	0	0	0	25	0	0	0	0	9	0	0	0	0	69	330	0	9	0	0	592	0	0	0	80	0	0	586	0	4	0	357	4	38	116	0	0	0	207	360	0	0	111	141	0	86	0	0	0	8	0	0	0	350	0	0	0	0	0	0	0	0	0	0	3	21	0	0	0	414	0	4	0	0	119	0	3	0	0	0	49	0	42	0	56	0	0	0	63	41	56	0	269	15	63	266	0	0	394	152	1556	197	0	0	427	95	44	5	0	39	162	0	3	0	32	3	0	0	10	88	272	0	13	2	98	253	73	132	0	51	8	12	150	155	109	288	388	0	386	574	184	380	0	0	147	54	183	155	182	0	60	0	0	0	4	37	5	0	93	168	0
g__Hominimerdicola	2	3	185	0	34	47	46	0	0	0	0	0	31	49	534	0	28	5	0	0	6	111	0	0	0	0	0	0	0	0	0	16	23	0	0	0	318	0	0	0	3	666	0	0	0	167	38	6	0	0	0	0	0	0	0	0	0	0	0	0	0	0	0	0	0	34	0	1034	0	0	0	0	2	0	57	0	0	0	0	0	0	0	0	0	1829	0	0	0	0	0	473	212	5	6	89	0	0	0	2	0	2	0	0	0	0	0	47	0	0	0	0	0	83	0	0	0	0	149	0	0	0	0	0	297	0	361	0	307	0	0	27	23	0	0	0	0	0	0	0	0	0	11	2	474	0	3	0	0	326	0	0	83	191	68	0	0	0	0	901	5	155	90	0	0	0	0	0	0	0	0	0	0	183	0	0	0	6	31	0	0	0	42	0
g__Hominiventricola	46	78	33	45	0	0	0	43	0	0	0	0	0	0	0	0	32	0	0	31	0	0	0	0	0	0	50	11	0	0	0	13	0	0	0	0	0	0	0	13	0	0	0	0	0	0	59	0	0	0	0	0	0	0	0	37	0	0	0	0	0	0	0	0	0	0	0	0	0	0	56	0	0	0	0	0	0	0	0	0	0	0	0	0	0	0	0	0	0	0	0	0	0	0	151	0	30	0	0	0	96	0	72	0	0	0	176	0	0	38	0	46	0	0	0	0	0	69	0	66	107	29	90	0	0	42	0	30	41	10	0	31	0	0	0	22	0	0	63	42	0	0	0	0	12	27	55	0	79	0	0	0	29	0	22	48	56	55	49	0	25	104	0	43	10	54	29	0	0	42	0	0	66	0	0	0	57	38	0	0	11	59	0
g__Hungatella	0	0	6	0	25	97	0	0	0	0	475	0	104	0	111	0	0	0	0	0	0	0	0	228	0	0	0	0	0	0	62	0	0	0	0	8	0	84	0	0	0	0	0	0	0	56	0	0	0	10	0	0	47	0	0	0	5	0	0	0	0	107	0	0	0	6	92	0	310	0	20	7	8	0	0	4	0	6	0	0	6	0	0	0	40	31	0	0	0	0	0	0	18	709	0	0	13	6	73	0	0	0	0	29	0	0	0	0	0	0	0	0	16	17	0	7	0	0	181	0	0	24	33	167	0	32	0	0	0	0	26	0	0	0	0	0	16	14	14	165	161	4	10	20	0	803	0	0	0	0	6	0	104	0	0	0	0	0	13	185	0	0	0	0	0	12	0	30	0	0	26	79	0	43	0	15	0	0	0	0	0	0	0
g__Intestinibacter	0	39	20	0	69	151	45	42	254	152	53	55	48	897	1332	0	191	157	0	0	5	406	57	469	45	2351	565	127	0	0	234	189	37	0	0	540	291	159	0	10	81	396	291	0	0	313	195	389	0	17	9	24	1527	0	14	0	40	0	219	10	17	738	0	265	433	51	146	83	479	37	1483	22	140	0	108	236	560	255	0	625	42	0	804	53	121	253	6	556	32	0	176	1239	48	239	1119	14	394	4	60	0	0	128	5	9	54	0	26	5	299	4	480	92	117	26	148	95	1291	314	461	0	498	167	126	1714	0	80	24	10	0	0	0	150	166	36	30	0	12	210	106	311	125	128	451	193	17	56	98	163	0	79	23	512	462	108	14	19	610	127	40	237	0	551	19	14	0	0	0	291	11	0	260	87	51	376	0	17	0	7	53	0	0	70	0
g__JAGTTR01	8	0	0	32	0	0	0	0	0	0	0	0	0	18	0	0	0	0	0	0	0	0	0	0	0	0	0	0	0	0	0	0	0	0	0	0	0	0	0	0	0	0	0	0	0	0	0	0	0	0	0	0	0	0	0	0	17	0	0	0	0	0	0	0	0	0	0	0	0	0	0	0	0	0	0	0	0	0	0	0	0	0	0	0	0	0	0	0	0	0	0	0	0	0	0	0	0	0	0	0	0	0	0	0	0	0	0	0	0	0	0	3	0	0	0	0	0	0	0	0	0	0	0	0	0	0	0	0	0	0	0	0	0	0	0	0	0	0	0	0	0	0	0	0	0	0	20	0	0	0	0	0	5	0	9	0	0	5	0	0	0	0	0	0	0	4	0	0	0	0	0	0	0	0	0	0	0	0	0	0	0	0	0
g__Klebsiella	0	18	0	0	0	0	38	0	0	12	0	272	0	0	18	0	0	0	31	112	0	0	0	0	0	0	103	0	0	144	0	238	0	0	9	0	7	0	0	0	0	2234	7	0	69	0	0	0	0	0	4	0	105	0	22	0	0	18	0	0	0	0	89	0	0	0	0	0	0	0	70	0	0	0	0	0	27	36	21	0	55	29	2659	2538	0	0	54	0	0	0	0	0	0	8	0	0	0	0	91	0	13	34	0	0	0	14	0	91	0	0	0	0	0	0	0	0	0	0	0	0	0	0	0	0	0	0	0	0	0	0	0	0	0	0	9	0	0	0	0	0	27	0	0	21	1092	0	29	0	0	0	300	0	0	0	32	0	0	0	0	165	0	0	0	0	0	0	0	0	0	0	29	27	0	0	0	0	0	0	0	304	21	0	22
g__Lachnoclostridium_B	64	81	0	84	41	107	32	21	130	0	22	0	139	66	0	0	0	0	0	60	0	0	0	0	0	0	0	0	0	0	0	0	0	0	34	0	0	0	20	21	0	116	74	112	0	22	65	0	0	0	15	0	0	60	0	0	0	0	0	0	0	0	0	0	0	14	0	0	0	96	0	0	0	0	0	0	14	0	0	0	0	4	0	0	12	30	0	0	0	0	0	224	0	0	0	0	0	0	0	0	0	67	18	0	0	56	0	48	0	24	0	12	0	0	0	0	0	0	0	80	91	129	0	90	0	33	0	0	22	0	0	0	8	0	70	0	29	0	49	0	0	19	0	0	0	11	123	55	0	0	0	7	79	0	32	0	0	0	0	0	53	0	0	37	0	0	22	0	0	36	0	0	7	0	0	0	0	0	0	0	34	13	0
g__Lachnospira	552	862	285	358	2139	11	345	248	111	1241	173	4	0	268	59	20	0	0	0	112	0	570	381	258	496	926	55	1166	60	4	1010	2309	801	0	219	0	70	346	0	272	1915	2680	948	635	474	688	20	8	142	968	788	0	0	66	0	157	642	51	574	21	310	76	40	196	1113	1593	1437	809	0	1489	6037	0	3743	1083	120	879	0	31	0	38	49	0	2331	0	899	0	4	582	407	38	594	5831	318	17	4139	18	118	5	343	23	0	0	584	1722	1293	0	263	252	0	566	83	323	755	5247	2239	79	121	332	3214	347	4688	407	2762	656	0	254	728	311	205	172	2049	161	1051	1437	288	0	219	0	497	0	69	34	563	940	3053	216	144	14	700	577	244	132	557	210	373	392	1316	1367	946	18	951	1065	5	219	33	52	107	317	547	389	63	1043	325	4159	1138	0	687	450	1315	0	101	701	7
g__Lacticaseibacillus	0	0	0	0	0	0	0	0	0	0	0	0	0	0	0	0	0	19	0	0	0	0	0	0	0	0	0	0	0	0	0	0	0	0	0	0	0	25	0	2	0	0	0	0	0	0	0	0	0	0	4	0	0	0	0	0	0	0	0	0	0	0	0	0	0	80	0	0	5	0	0	0	0	0	35	0	0	5	15	0	0	0	20	30	0	0	0	15	0	0	0	60	0	0	0	0	21	0	14	0	0	0	0	0	0	0	0	0	0	0	0	0	0	0	0	0	0	0	0	0	0	0	0	3	0	0	0	0	0	0	0	0	0	0	0	0	0	0	16	7	0	0	0	6	0	0	0	0	0	12	0	0	0	0	0	0	0	0	0	0	0	0	0	0	0	0	0	0	0	0	0	0	0	0	0	25	0	0	0	15	0	0	0
g__Lactiplantibacillus	0	0	0	0	0	28	0	0	0	0	0	0	0	0	0	0	0	0	0	0	0	0	0	0	0	0	0	0	0	0	0	0	0	0	14	0	0	0	0	0	0	0	0	0	0	6	0	746	0	0	0	0	0	0	0	0	0	0	0	0	0	0	0	0	0	0	0	0	2	0	0	0	0	0	23	0	0	0	0	0	0	0	0	0	0	0	0	0	9	0	0	0	0	0	0	0	0	0	0	0	0	0	0	5	0	0	0	0	0	0	0	0	0	0	0	10	0	0	0	0	0	0	0	0	2126	5	0	0	0	0	0	0	0	0	0	0	0	0	0	0	0	15	0	0	0	0	0	0	0	0	0	0	9	2	0	0	0	0	0	0	58	0	0	0	0	15	0	0	0	0	0	0	0	0	0	169	0	0	0	104	0	0	0
g__Lactobacillus	0	0	0	0	0	0	0	0	0	0	0	0	0	0	0	0	0	0	0	0	0	0	0	0	0	0	0	0	0	0	0	0	0	0	0	0	0	0	0	0	0	0	0	0	0	0	0	0	0	0	0	0	0	4	76	0	0	0	0	0	0	0	0	0	0	0	0	309	0	0	0	0	0	0	0	0	0	7	0	0	0	0	0	8	0	0	0	0	0	0	0	0	0	0	0	0	0	0	0	39	0	0	0	0	0	0	0	0	0	0	0	0	0	0	0	7	0	4	0	0	0	0	0	0	985	0	0	0	0	0	0	0	0	0	0	0	0	0	0	0	0	0	0	0	0	0	0	0	0	0	0	0	0	0	0	0	0	0	0	0	0	0	0	0	123	0	0	0	0	0	0	0	14	0	0	0	0	0	0	0	0	0	0
g__Lactococcus	0	0	0	0	0	0	0	4	58	0	0	0	0	0	0	377	0	0	0	0	0	0	0	0	0	0	23	0	0	0	8	0	0	0	7	0	0	0	0	0	0	8	3	0	0	0	0	34	0	0	0	0	0	0	10	0	4	0	0	0	0	0	3	4	0	0	0	6	0	0	0	0	0	0	0	0	0	14	0	0	107	0	0	0	0	0	0	0	0	0	0	0	0	0	0	6	0	0	7	0	0	0	0	11	0	0	0	0	0	0	24	0	0	0	0	0	0	0	2	0	0	0	0	10	0	0	0	0	0	0	0	0	0	0	0	4	0	0	0	21	0	0	0	15	0	0	36	6	0	0	0	0	0	0	0	0	0	0	9	0	0	0	0	0	0	5	0	0	0	0	102	0	0	0	0	0	0	0	6	5	146	0	0
g__Lactonifactor	0	0	0	0	0	0	0	0	5	0	0	0	45	0	21	0	0	0	0	0	0	0	0	0	0	0	0	0	0	0	0	0	0	0	0	0	11	0	0	0	0	0	0	0	0	40	0	0	0	0	0	0	0	0	0	0	0	0	0	0	0	136	0	0	56	0	0	42	0	0	0	0	0	0	14	14	0	0	0	0	0	0	0	0	0	0	0	0	0	0	0	0	13	0	0	0	0	0	0	0	0	0	0	46	0	0	0	0	0	0	13	0	0	0	0	6	0	0	9	0	0	0	226	0	0	0	0	0	0	0	0	0	0	0	0	0	20	0	0	66	0	0	0	0	0	21	0	0	0	0	0	11	0	0	0	0	0	0	8	7	0	115	0	0	0	0	0	0	0	0	12	0	0	0	0	0	0	0	0	0	0	0	0
g__Laedolimicola	0	0	0	0	0	0	0	15	0	0	0	0	88	10	0	0	0	0	0	0	0	18	0	0	0	0	0	0	0	0	0	0	0	0	0	0	0	0	0	0	0	0	21	0	0	0	0	0	0	0	7	0	0	0	0	0	10	0	0	0	0	0	0	0	0	0	0	0	0	0	0	0	24	0	0	0	0	0	0	0	0	0	0	0	0	0	0	0	0	0	0	0	0	0	0	0	0	0	0	0	9	0	0	0	0	0	0	0	0	0	0	0	0	0	0	0	0	0	0	0	0	0	41	0	0	36	0	0	0	0	0	0	0	0	0	0	0	0	24	0	0	0	0	0	0	0	0	0	0	0	0	0	12	0	9	0	35	22	0	0	0	0	0	0	0	5	0	0	0	0	0	0	0	0	0	0	0	0	0	0	0	15	0
g__Lancefieldella	0	0	0	0	0	0	0	0	0	0	0	0	0	0	10	0	0	0	0	0	0	0	0	0	0	0	0	0	0	0	0	0	0	40	0	0	0	0	0	0	0	0	0	0	0	0	0	0	0	0	0	0	0	0	0	0	0	0	0	0	0	0	0	0	0	0	0	0	0	0	3	0	0	0	0	0	0	7	0	0	0	0	0	0	0	0	0	0	0	67	3	0	0	0	7	0	0	0	0	0	0	0	0	0	0	0	0	0	0	0	0	0	0	0	0	0	0	0	31	0	0	0	0	0	12	0	0	0	0	0	0	0	0	0	0	0	0	0	0	0	0	0	0	0	0	0	0	0	0	0	0	0	0	0	0	0	0	0	0	0	0	0	0	0	0	10	0	0	6	0	5	0	0	6	0	0	0	0	0	0	0	0	3
g__Latilactobacillus	10	0	11	7	8	0	5	0	0	0	0	7	0	0	0	310	0	0	0	0	0	36	0	0	183	0	0	0	11	21	0	0	0	0	0	0	3	8	0	0	0	83	20	0	104	0	0	65	5	0	0	0	9	3	680	0	0	0	11	0	0	26	0	0	0	0	8	887	0	6	65	0	27	66	0	2	0	0	0	26	0	0	0	0	0	0	0	11	0	0	17	0	126	0	16	53	0	0	0	0	0	0	0	0	0	0	0	0	0	0	0	0	0	0	56	0	0	0	0	0	0	0	0	0	11	0	35	0	0	0	0	0	31	0	0	0	0	0	0	6	0	0	13	0	33	68	0	0	0	0	7	3	0	0	0	0	16	0	3	0	10	10	0	4	61	0	0	0	0	7	0	0	44	0	0	17	3	0	19	15	69	0	0
g__Lawsonibacter	14	26	56	19	202	66	0	42	58	0	0	0	69	12	73	0	69	0	164	0	0	0	30	14	0	0	36	0	0	0	0	6	11	0	4	25	16	47	33	16	0	100	0	0	0	146	227	0	0	0	152	0	0	0	0	7	55	0	0	0	80	0	0	0	59	5	0	191	0	12	0	0	60	0	29	0	0	0	0	0	0	0	0	7	63	0	0	29	0	0	0	0	276	0	33	50	0	0	0	8	55	0	0	127	0	44	0	30	0	0	125	110	15	207	29	40	0	76	0	44	31	259	24	632	0	10	62	0	7	10	0	23	48	76	0	45	134	119	0	34	0	52	196	89	4	184	46	30	44	27	36	40	5	154	22	25	0	27	20	366	11	66	0	46	0	389	26	94	26	57	0	0	19	80	0	0	0	17	0	0	21	0	0
g__Lentihominibacter	7	0	19	0	0	0	0	3	222	0	0	0	0	7	0	0	0	0	0	0	0	0	0	0	0	0	0	0	0	0	0	0	0	0	0	0	32	0	0	0	0	0	0	0	0	0	0	0	0	0	0	0	0	0	0	4	96	0	0	0	61	11	0	0	7	0	0	0	0	0	4	0	0	0	16	0	0	0	0	0	0	0	0	26	0	0	0	0	0	0	0	0	110	0	0	11	0	0	0	0	13	0	0	0	0	5	5	0	9	0	0	0	0	0	0	3	10	0	0	8	7	30	38	0	0	17	0	13	0	0	0	0	26	0	0	0	6	0	21	0	0	0	4	0	0	95	4	0	24	0	0	0	98	0	23	0	0	78	26	0	0	0	0	0	2	9	2	0	0	0	0	0	9	0	0	0	0	0	0	0	0	0	0
g__Leuconostoc	0	0	5	3	0	0	8	0	0	0	0	0	12	0	63	0	0	0	77	8	0	0	0	5	75	0	0	0	11	5	0	20	0	0	0	0	0	6	0	0	19	7	0	0	16	6	0	0	0	0	0	0	0	0	0	0	2	0	0	0	0	4	68	0	0	17	6	24	0	11	31	9	178	0	0	5	0	0	0	37	300	0	0	0	13	0	0	20	0	0	0	0	46	10	51	8	0	0	0	0	0	0	0	0	0	0	0	0	0	5	5	0	0	0	0	0	0	3	17	0	17	0	0	0	0	0	36	0	0	0	0	0	0	0	0	0	0	0	0	0	0	0	2	21	94	9	0	0	0	0	18	0	0	0	0	0	3	0	0	0	0	0	0	9	0	6	2	0	0	12	19	0	0	0	0	5	0	0	0	3	16	0	0
g__Ligilactobacillus	0	0	0	0	0	0	0	0	0	0	11	0	0	0	0	10	0	0	0	0	0	0	0	0	0	0	0	0	0	0	0	12	0	0	0	0	0	9	0	0	0	0	0	0	0	0	0	0	0	0	0	0	0	0	0	0	0	0	0	0	0	0	0	0	0	0	0	0	0	0	0	0	0	0	0	0	0	0	0	0	0	0	0	0	0	0	0	3	0	0	0	0	0	88	0	0	0	0	0	0	140	0	0	0	0	0	0	0	0	0	0	0	0	0	0	4	0	12	0	0	0	0	0	0	117	0	0	0	0	0	0	0	0	0	0	0	0	0	0	0	0	0	0	1057	0	0	0	0	0	0	0	0	0	0	0	0	0	0	0	0	0	0	0	20	0	0	0	12	9	0	0	0	39	0	0	0	0	0	0	0	0	0	0
g__Limivivens	71	27	160	182	136	0	32	0	0	0	0	0	0	35	0	0	0	0	0	0	0	0	29	0	5	0	0	31	0	0	0	99	0	0	0	0	47	0	0	0	0	162	28	38	11	18	0	0	34	131	15	21	0	0	15	33	151	26	0	0	0	0	0	0	0	0	0	0	0	87	0	0	0	0	0	0	0	0	0	0	0	0	0	0	0	0	0	0	0	0	105	21	0	0	0	0	0	0	0	0	25	0	85	0	0	0	62	0	16	0	0	18	34	0	0	30	0	0	0	0	0	0	70	0	0	106	0	69	21	0	0	57	114	0	0	50	0	79	0	0	0	0	0	0	13	138	56	68	61	0	0	12	25	0	80	15	52	37	0	0	58	0	0	0	0	0	0	20	0	65	0	0	39	0	0	0	3	41	74	0	13	42	0
g__Limosilactobacillus	0	0	0	0	0	0	0	0	0	0	2	0	0	0	0	0	0	0	4	0	0	0	0	0	0	0	0	0	0	0	0	0	0	0	0	0	0	0	0	0	6	86	0	0	0	0	0	0	0	0	66	0	0	0	0	0	0	0	0	0	0	0	7	0	0	0	12	0	0	0	0	0	0	0	41	0	0	0	0	0	3	0	7	6	0	0	0	0	0	0	0	0	0	0	0	0	0	0	84	0	0	5	0	0	0	0	0	0	0	0	0	0	0	0	0	0	0	0	0	0	0	0	0	0	14	0	0	0	0	0	0	0	0	0	0	0	0	0	0	0	0	0	0	15	0	0	0	0	0	0	0	0	0	0	2	0	0	0	0	0	0	0	0	0	0	0	0	0	0	0	0	0	31	0	0	0	0	0	0	0	0	0	0
g__Longicatena	0	0	0	0	0	0	0	0	49	0	0	0	0	0	0	15	0	0	0	0	0	0	0	0	0	0	43	0	0	0	0	20	29	0	0	0	0	0	0	0	0	0	0	0	0	216	0	0	0	0	0	0	0	0	0	0	0	0	0	0	0	0	0	0	0	2376	0	496	0	0	0	373	0	0	388	0	0	0	5	0	0	0	0	0	167	0	0	0	0	0	0	19	0	0	0	0	0	0	0	0	0	0	0	0	0	0	0	0	0	0	95	0	0	0	67	0	0	108	0	0	0	0	0	80	0	0	10	2	0	0	0	0	15	0	0	0	20	25	28	0	0	0	0	0	0	0	0	0	0	17	0	14	0	0	13	0	0	0	0	0	0	0	17	0	0	0	0	0	0	0	318	0	0	0	0	0	0	0	0	0	0	0	0
g__Massilioclostridium	0	0	0	0	0	5	0	3	46	0	0	0	15	0	0	4	0	0	0	0	0	0	0	0	0	0	0	0	0	0	0	0	0	0	0	0	0	19	6	0	0	0	0	0	0	0	0	0	0	0	6	0	0	0	0	0	0	0	0	0	0	0	0	0	0	0	0	60	0	0	0	0	0	0	0	0	0	0	0	0	0	0	0	0	0	0	0	0	0	0	0	9	0	0	0	0	0	0	0	0	0	0	0	0	0	0	0	0	0	0	13	3	0	0	0	0	0	0	0	0	0	10	0	33	0	4	0	0	0	0	0	0	0	0	0	0	0	0	4	10	0	0	0	0	0	12	0	3	0	2	0	0	0	0	0	0	0	0	0	0	0	0	0	0	0	0	0	0	0	0	0	0	0	0	0	0	0	0	0	7	0	0	0
g__Mediterraneibacter	764	217	420	744	239	491	134	585	390	358	275	7	90	146	4	4304	458	377	78	615	0	149	785	0	0	266	788	181	0	0	361	36	0	79	310	0	0	353	0	240	707	123	423	259	112	0	2140	0	0	65	309	0	0	50	210	166	1447	38	0	94	193	1208	0	759	92	171	0	19	0	0	6	164	340	578	91	239	184	0	14	138	0	0	0	0	46	0	0	0	0	0	3619	0	452	2288	562	0	862	43	0	0	347	0	141	222	11	275	0	181	221	316	463	635	0	832	5	134	1081	635	0	865	231	345	0	2280	0	1835	42	148	144	38	0	214	1276	132	0	476	931	673	295	0	0	62	17	1864	1747	427	312	640	217	1257	0	284	493	216	448	381	184	1519	436	1110	232	387	608	160	163	433	39	360	0	138	348	81	87	0	378	0	192	0	84	18	364	117	91
g__Megamonas	0	0	6	0	0	0	0	0	0	824	0	5	0	0	518	5	0	8	35	10928	0	0	0	0	1692	0	0	0	6035	3	0	0	0	6249	5	0	0	0	9	0	5	0	3	0	0	0	0	0	0	3	5	0	0	1346	0	0	0	0	694	0	0	0	0	0	0	0	1667	0	0	0	0	0	0	0	0	0	0	4	0	0	0	94	0	0	0	0	0	0	4	435	0	0	4595	0	49	12800	0	0	0	0	0	9	0	0	7798	0	30	0	0	4	0	2609	5	0	0	0	9	3	0	0	0	0	0	0	12662	0	3862	0	975	737	3	0	9	0	0	0	0	0	0	0	0	0	0	0	1552	0	0	341	0	0	0	0	0	0	0	0	0	4	0	0	4	3	0	0	8678	0	0	0	0	0	0	0	0	0	0	0	0	0	0	0	1513	0	0
g__Merdibacter	0	0	0	0	24	33	0	0	0	0	0	0	0	0	0	0	0	0	0	0	0	0	0	0	0	0	11	0	0	0	0	0	0	0	0	0	10	0	0	0	0	0	0	0	0	0	0	0	0	0	2	0	0	0	0	0	0	0	0	0	2	0	0	0	0	0	0	0	0	0	0	0	0	0	0	0	0	0	0	0	0	0	0	0	0	0	0	0	0	0	0	0	0	0	0	0	0	0	0	0	0	0	0	0	0	0	1	0	0	0	0	0	0	31	0	0	0	0	0	0	0	13	0	89	0	26	0	0	0	0	0	0	10	0	0	0	5	0	0	0	0	0	0	0	0	11	0	0	0	0	0	0	0	0	0	0	0	0	0	0	0	4	0	0	0	0	5	0	0	0	0	0	0	26	0	0	0	0	0	0	0	0	0
g__Merdimmobilis	0	0	0	0	0	14	0	0	0	9	0	0	0	0	0	0	0	0	0	0	0	0	0	0	0	0	0	0	0	0	0	0	0	0	0	0	0	0	0	0	0	0	0	0	0	0	0	0	0	0	0	0	0	0	0	0	0	0	0	0	0	0	0	0	18	0	0	8	0	19	0	0	0	0	0	48	0	0	0	0	0	0	0	37	57	0	0	0	0	0	0	0	39	0	0	0	31	0	0	0	14	0	0	0	0	0	0	0	0	0	4	0	0	0	0	6	0	23	0	0	0	0	9	0	0	0	0	0	0	0	0	0	0	10	0	11	54	0	0	16	0	8	0	0	0	12	0	0	0	0	0	14	0	0	3	23	0	0	12	9	0	18	0	0	0	18	0	0	0	0	0	0	5	0	0	0	0	0	0	0	6	0	0
g__Merdimonas	0	0	8	0	317	0	0	0	408	0	89	0	0	0	0	0	0	0	0	0	0	0	0	0	0	0	0	0	0	0	74	0	0	0	0	0	0	0	41	0	0	34	0	0	0	0	0	0	0	0	0	0	0	0	0	0	0	0	0	0	44	141	0	0	0	0	18	0	0	0	0	0	0	0	0	21	0	39	0	0	0	4	0	0	0	16	0	0	0	0	0	0	0	0	0	0	0	0	0	0	0	0	0	0	0	0	35	0	0	0	0	0	0	25	0	0	0	27	77	0	0	25	0	71	0	29	0	0	0	0	0	0	0	0	0	0	0	0	0	0	0	0	10	0	0	0	0	0	0	0	0	0	0	0	0	0	0	0	0	59	0	0	0	0	0	0	0	0	0	0	0	0	0	0	0	0	0	0	0	0	0	0	0
g__Merdivicinus	0	0	6	0	40	0	0	0	125	0	18	0	30	0	0	0	0	0	0	0	0	0	0	0	0	0	0	0	0	0	35	0	0	0	0	0	14	0	0	0	136	0	0	0	0	0	0	0	0	0	0	0	0	0	0	0	0	0	0	0	7	0	0	0	0	0	0	357	0	0	0	0	0	0	0	0	0	0	0	0	0	0	0	0	0	0	0	0	0	0	0	3	0	0	0	0	0	0	0	0	0	0	0	130	0	0	0	0	0	0	0	0	12	10	0	0	0	32	25	0	0	0	6	288	0	9	0	31	0	0	0	0	14	0	0	0	170	0	0	15	0	4	8	0	0	55	0	0	0	0	21	11	0	0	0	0	0	17	42	0	0	16	0	0	0	0	0	0	0	0	0	62	0	0	0	0	0	0	0	0	0	0	0
g__Muricomes	0	0	0	0	10	18	0	0	66	0	0	0	29	0	8	0	0	0	0	0	0	0	0	0	0	0	0	0	0	0	0	0	0	0	0	0	4	15	0	0	0	8	0	0	0	18	0	0	0	0	0	0	0	0	0	0	0	0	0	0	0	0	0	0	26	0	0	19	0	0	96	0	0	0	10	0	10	0	0	0	0	0	0	0	0	11	0	0	0	0	0	0	31	0	0	0	0	0	0	0	0	0	0	28	0	0	0	0	0	0	6	0	0	36	9	0	0	0	5	0	0	0	6	0	0	5	0	0	0	0	0	0	7	0	0	0	0	29	0	0	18	0	0	0	0	10	0	0	0	0	0	0	0	0	0	0	0	0	0	17	0	6	0	0	0	0	0	0	0	0	0	0	0	0	0	0	0	0	0	0	0	0	0
g__Murimonas	24	11	0	6	0	0	0	35	0	0	7	0	0	23	7	0	0	0	0	0	0	0	0	0	0	0	0	0	0	0	26	45	0	0	0	0	64	104	0	26	0	0	30	0	0	0	0	0	0	0	0	0	0	0	0	0	67	0	0	0	0	0	0	0	0	0	0	0	0	0	0	0	0	0	0	0	0	0	0	0	0	0	0	0	0	0	0	18	0	0	47	0	39	1038	0	0	0	0	0	0	17	0	10	0	0	0	0	0	7	0	0	0	0	0	0	19	0	0	0	10	0	0	0	0	0	41	0	0	14	0	0	29	61	0	0	0	0	0	0	0	0	0	4	0	26	39	0	0	22	105	0	0	35	0	41	14	36	9	0	0	12	0	0	17	0	0	0	0	0	12	0	0	0	0	0	0	0	0	0	0	0	0	0
g__Nanosynbacter	0	6	0	0	0	0	123	0	0	0	0	42	0	2	10	0	0	0	0	0	21	12	0	2	0	56	0	0	0	0	3	0	0	51	0	0	0	2	5	0	0	249	0	0	38	0	0	0	3	7	0	0	0	0	19	0	0	0	0	0	2	0	401	0	3	42	180	0	0	25	849	150	2	0	0	0	0	242	10	0	0	0	409	0	18	0	10	0	0	0	28	0	0	17	307	13	0	0	78	0	30	0	0	0	8	0	8	0	0	4	3	9	0	0	0	4	406	14	233	0	102	0	7	6	3	0	0	0	0	0	206	0	0	0	1266	0	0	0	0	0	143	0	0	13	0	0	0	17	0	0	0	0	0	0	0	16	0	0	0	0	0	0	10	0	0	77	0	0	0	0	10	3	62	605	0	0	0	0	0	0	0	0	1799
g__Negativibacillus	0	0	148	0	191	0	0	0	221	54	0	0	0	0	0	0	133	0	0	0	0	0	0	0	20	0	10	0	0	0	0	0	0	0	16	47	145	0	0	41	198	0	0	12	0	372	0	0	0	0	53	0	0	0	0	0	0	0	0	18	34	0	0	0	0	14	0	188	0	0	0	0	0	0	0	28	0	0	0	0	0	0	0	0	0	0	0	170	0	0	0	719	0	0	48	0	0	0	0	0	0	0	5	0	0	0	0	0	4	0	0	0	0	162	0	0	0	19	0	0	0	160	0	595	0	80	0	20	0	0	0	0	20	0	0	12	72	0	0	2	0	0	0	0	0	0	0	0	0	0	0	128	34	0	20	0	0	16	3	0	0	99	0	0	0	0	32	0	0	0	0	0	22	0	0	0	3	0	0	0	10	0	0
g__Odoribacter	103	121	265	293	431	0	0	298	0	93	5	0	856	86	457	0	347	0	0	272	0	101	370	0	146	1098	0	489	0	0	0	302	0	0	0	0	1624	0	9	163	698	3	240	1207	449	79	313	0	367	0	128	63	0	143	89	71	348	0	0	0	0	0	1948	180	282	0	0	0	0	0	0	0	0	819	0	635	0	0	0	288	0	0	0	4	3	4	4	0	0	0	891	0	0	0	0	0	0	0	0	0	0	0	0	0	68	52	0	0	0	0	0	478	0	0	0	5	7	76	1265	699	1221	200	106	0	0	229	0	118	130	0	0	78	49	0	0	264	0	0	724	0	0	0	0	0	1239	267	0	934	0	443	0	27	308	33	284	0	0	95	0	0	296	337	3	123	322	0	27	740	0	450	0	0	0	0	0	0	539	1217	3	0	0	0	0
g__Oliverpabstia	0	71	0	28	182	0	117	138	0	114	9	0	0	88	0	0	0	0	0	0	75	190	0	0	0	0	0	0	0	0	0	0	0	0	237	0	0	6	0	77	0	0	0	0	0	0	565	0	87	0	0	0	0	0	84	0	0	0	0	0	0	0	0	0	0	0	0	0	0	0	0	0	0	0	0	0	0	0	0	0	0	0	0	0	0	0	0	118	0	0	1798	0	961	0	241	0	0	0	0	0	0	84	159	0	0	0	0	0	0	0	0	72	0	0	0	104	0	146	0	122	200	0	116	93	0	0	514	65	104	82	0	36	0	0	66	0	0	0	0	0	0	0	0	0	46	0	0	0	0	0	0	0	139	0	0	40	0	239	0	0	0	133	0	63	0	0	85	0	0	0	0	0	204	0	0	0	141	120	0	0	0	0	0
g__Onthenecus	46	0	0	26	0	0	0	0	0	0	0	0	0	59	10	0	0	0	0	0	0	0	0	0	0	0	0	0	0	0	0	53	0	0	0	0	0	0	0	0	0	10	0	3	0	0	0	0	0	0	0	0	0	0	0	36	57	0	0	0	0	0	0	0	0	0	0	0	0	0	0	0	0	0	0	0	0	0	0	0	0	0	0	0	0	0	0	30	0	0	0	0	0	0	0	0	0	0	0	0	0	0	0	0	0	0	0	0	0	0	0	0	0	0	0	0	0	0	0	0	29	0	0	0	0	0	0	27	0	0	0	27	76	0	0	0	0	0	0	0	0	0	0	0	0	0	0	0	0	0	0	79	77	0	0	0	0	0	2	0	19	0	0	0	0	0	0	0	0	0	0	0	0	0	0	0	22	8	0	0	0	0	0
g__Otoolea	222	108	6	79	310	110	36	82	23	83	237	0	0	0	48	0	356	191	0	125	0	169	22	44	0	112	492	34	0	0	60	18	108	96	269	24	84	324	100	29	27	7	29	5	0	110	148	109	73	27	0	185	0	36	20	64	0	0	48	0	154	317	0	19	68	7	1125	273	48	131	0	83	7	233	13	17	211	171	83	17	0	6	0	92	161	248	0	69	0	0	0	0	237	267	50	36	667	14	0	9	12	369	74	469	47	96	84	105	117	275	148	576	74	212	115	10	11	320	269	368	359	125	490	392	222	110	372	160	51	75	100	0	188	41	77	365	549	18	62	680	121	109	204	365	108	194	450	0	43	254	336	14	74	68	114	173	60	140	0	56	154	83	0	63	5	115	19	21	328	123	99	155	251	0	235	124	21	114	100	0	178	46	98
g__Parabacteroides	481	106	2	0	394	264	97	230	292	0	488	5	1141	0	24	2	156	0	168	67	0	111	145	199	98	0	521	7	0	0	0	35	0	116	291	6	134	250	2	183	0	308	461	69	0	2423	84	308	68	0	309	278	0	40	75	35	0	15	0	313	258	0	0	0	471	21	250	4548	0	43	0	0	156	18	76	41	4	167	131	0	0	684	0	833	0	0	0	92	84	0	29	9	0	0	336	44	0	131	360	83	1225	2173	46	2650	1172	218	373	198	0	27	511	400	389	719	4890	1109	0	660	0	568	0	734	0	465	1766	478	301	122	23	113	0	213	0	0	133	202	275	86	568	3587	0	0	597	895	22	482	211	279	737	9	563	33	303	76	126	102	31	50	171	3989	177	456	75	17	59	1425	169	368	6	381	0	0	51	0	95	0	83	32	4	4	25	54	27
g__Paraprevotella	0	0	0	0	0	0	22	0	0	38	0	0	0	95	0	0	423	0	0	147	0	0	0	0	0	0	0	0	0	0	0	0	0	0	0	0	0	0	0	0	0	37	0	0	0	0	0	0	48	0	0	0	0	0	0	77	0	0	0	0	0	0	0	0	0	0	0	0	0	27	0	0	0	0	0	0	0	0	0	0	0	6	0	0	0	0	0	187	0	0	0	0	980	0	0	0	0	0	0	0	0	0	0	0	0	166	0	184	0	137	0	0	0	0	0	0	0	0	0	0	0	140	0	0	0	0	0	0	0	0	0	0	0	0	68	0	0	0	0	0	0	0	0	0	0	0	0	0	0	0	1624	0	0	0	0	0	0	0	0	0	0	0	0	0	0	0	0	0	0	0	0	0	0	0	583	0	0	27	0	0	0	0	114
g__Pararoseburia	0	19	0	33	0	0	0	0	0	0	0	0	0	0	0	0	0	0	0	0	0	0	0	0	0	0	10	0	0	0	0	0	0	0	0	0	0	0	0	0	68	0	0	0	0	0	0	0	0	0	0	0	0	0	0	0	0	0	0	0	0	0	0	0	0	0	0	0	0	0	0	0	0	0	0	0	0	0	0	0	0	0	0	0	0	0	0	0	0	0	0	0	76	0	0	0	0	0	0	0	0	0	23	0	0	0	0	0	0	0	0	0	0	0	0	35	0	0	0	0	0	0	0	0	0	0	0	0	43	0	0	0	33	0	0	0	0	0	0	0	0	0	0	0	0	0	0	0	0	0	0	0	0	0	0	0	4	0	0	0	0	0	0	0	0	0	0	0	0	0	0	0	19	0	0	0	0	0	0	0	0	0	0
g__Parasutterella	0	22	73	158	0	155	0	355	0	0	7	0	0	0	0	4201	0	85	0	0	0	249	0	0	137	0	0	0	0	0	0	0	354	0	0	0	0	0	854	0	0	556	230	0	18	0	0	0	259	341	0	233	0	0	12	0	1267	0	318	0	0	0	0	0	0	0	0	0	768	0	0	0	0	3	0	0	0	0	2	106	0	0	0	0	0	0	0	0	0	0	0	0	0	0	0	0	0	0	0	0	0	0	0	0	0	0	0	8	0	0	105	0	0	0	0	0	225	0	0	16	0	10	0	0	0	0	0	0	0	0	0	0	0	500	774	394	0	370	19	0	0	20	0	0	0	0	177	0	0	0	0	15	64	70	27	0	0	0	0	0	0	764	53	222	0	0	2	0	0	0	0	0	6	0	0	0	0	0	0	0	10	0	0
g__Pauljensenia	0	0	0	0	0	0	9	0	0	0	0	0	8	0	0	0	0	0	0	0	0	0	0	0	0	0	0	0	0	0	0	0	0	0	0	0	0	0	0	0	0	15	0	0	0	0	0	0	0	0	0	0	0	0	0	0	0	0	0	0	0	0	0	0	5	0	3	0	0	0	0	0	0	14	0	0	0	0	16	0	0	0	0	14	0	0	0	0	0	0	0	0	0	0	0	0	0	0	0	0	0	0	0	13	0	0	6	0	0	0	0	0	0	0	0	0	0	0	0	0	0	0	0	0	0	0	0	0	0	0	0	0	0	0	7	0	0	0	0	0	0	0	0	0	0	0	0	0	0	11	9	0	0	0	0	0	0	0	0	0	0	0	0	0	0	34	0	0	0	0	0	0	0	0	0	0	0	0	0	0	0	0	0
g__Pediococcus	0	0	0	0	0	320	0	0	0	0	0	48	0	0	0	11	0	0	6	0	3	0	0	301	0	0	0	0	0	0	28	2	0	0	0	0	0	0	1023	0	0	0	0	0	29	0	0	3286	0	0	0	0	0	0	0	0	0	0	0	486	0	0	0	0	0	0	0	0	0	0	0	0	0	0	0	0	87	0	0	14	0	0	0	11	0	380	0	0	0	0	0	3950	0	0	0	16	784	0	0	5532	0	0	4	101	0	0	2	0	41	12	0	0	0	0	0	0	8	0	9	0	0	0	0	0	0	0	0	0	0	0	0	0	0	0	0	0	3	0	0	0	203	0	0	0	0	0	0	0	0	6	0	0	0	0	0	0	0	0	0	0	0	0	0	0	0	0	6	0	0	0	0	5	0	0	0	0	0	0	0	0	0	0	0
g__Peptostreptococcus	0	0	0	0	0	0	0	0	0	0	6754	0	0	0	0	0	0	0	0	0	0	0	0	0	0	0	0	0	0	0	0	0	0	8	0	0	0	17	0	0	0	0	0	0	5	0	97	0	11	0	0	0	7	0	0	0	0	0	0	0	88	0	0	0	0	0	0	0	0	0	158	0	0	0	0	0	0	0	0	58	1870	0	0	0	0	3	0	0	2	0	0	0	685	2	25	0	0	0	0	0	0	3	0	0	0	0	0	0	0	0	0	0	0	0	0	0	0	0	30	0	0	0	3	0	3	0	0	0	0	0	0	0	0	3	0	0	0	0	0	0	0	0	0	0	0	0	7	0	5	0	0	0	0	0	0	0	0	0	0	0	0	0	0	0	0	0	0	0	0	0	0	0	0	0	0	0	0	0	0	0	0	0	2
g__Phascolarctobacterium	491	678	0	0	801	0	0	0	779	0	10	3	15	762	4	4	0	3	0	76	3146	0	948	0	0	0	579	0	0	0	0	76	188	0	782	0	0	0	5	0	0	0	0	0	82	0	1176	0	4	550	0	1559	0	0	0	135	0	0	0	673	0	0	0	0	624	0	429	0	3	0	0	0	976	210	200	1792	0	180	4	0	0	0	0	1687	0	3	0	573	0	0	0	8	0	0	3	71	0	0	1971	0	0	0	0	0	0	1314	1774	451	0	2	323	0	770	0	3	1460	7	0	0	0	691	0	0	3	0	0	0	445	101	0	0	278	678	0	0	0	0	0	0	1674	0	0	1738	950	121	0	0	694	1374	0	0	0	1583	0	22	0	849	6	173	4	787	3	0	37	0	2070	0	0	0	0	0	0	0	0	21	0	388	0	0	3	80	0	13
g__Phocaeicola	8440	2695	18	6436	3546	1445	217	6228	662	2512	351	38	5473	2504	5137	27	3829	25	4260	4959	17161	10265	2465	7625	3015	3681	8655	4685	0	4320	32237	4647	6512	17078	2014	5	4574	7050	8464	2345	12748	8319	8275	2780	7044	14	3711	9	2609	2430	2088	6661	11	1552	3748	2781	2779	4994	4428	1422	2872	5	3	13340	9402	7291	14325	0	26	10696	28	2722	13318	8955	66	11027	8001	1224	4	12587	13	1518	11	3943	3	19	9339	3947	15554	71	17544	60	11005	37	14830	1958	8	597	9726	20644	8078	33	2702	7794	8783	726	1668	3430	4010	13582	2568	12401	2269	13202	10293	5911	5120	4230	44619	8662	5705	4200	12408	15277	1655	4972	12019	744	4956	1846	12	4255	8558	6569	6013	3499	6138	9463	4071	8051	41	2790	1844	0	9549	1497	11964	2403	8816	1426	2107	4615	885	122	5000	5770	4503	5246	2433	14216	6836	3932	3688	4873	4089	5684	3960	5324	4180	6176	2500	0	2897	10677	4098	27615	4455	3597	11445	42	3120	4815	4330
g__Prevotella	6	0	0	0	0	0	0	0	7	0	53	0	0	8	9	7	0	0	0	0	0	0	0	0	0	0	0	4	0	0	0	0	0	375	0	0	0	0	0	11	0	0	14	0	0	31	0	0	0	0	0	0	0	0	0	0	0	0	0	0	0	0	0	0	0	0	0	12	0	29	0	0	0	4	0	6	0	0	11	0	13	32	0	0	15	10	17	0	0	199	0	34	6	20	17	0	0	7	8	0	0	4	0	0	0	0	0	0	128	0	0	17	0	14	0	0	0	8	0	3	0	0	0	9	12	0	0	13	0	10	2	0	0	11	0	4	0	0	4	0	0	0	0	0	0	4	5	0	0	0	0	0	0	6	0	0	0	2	0	6	0	0	20	9	23	11	16	0	4	0	0	0	14	0	0	0	15	0	21	3	0	30	35
g__Pseudobutyricicoccus	0	0	0	0	0	19	0	0	0	0	0	0	0	0	0	0	0	0	0	0	0	0	0	0	0	0	0	0	0	0	0	0	0	0	0	0	0	0	0	10	0	0	0	0	0	0	0	0	0	0	9	0	0	0	0	0	0	0	0	0	0	0	0	0	0	0	0	0	0	0	0	0	0	0	0	0	0	0	0	0	0	0	0	0	0	0	0	0	0	0	0	0	0	0	0	0	0	0	0	0	0	0	0	10	0	0	0	0	0	0	0	0	0	0	23	0	0	0	0	2	0	0	84	74	0	0	0	0	0	0	0	2	0	0	0	0	0	0	0	18	0	0	0	0	0	0	0	0	0	0	0	0	7	0	0	0	0	0	0	0	0	0	0	0	0	0	0	0	0	0	0	0	0	0	0	0	0	0	0	3	0	0	0
g__Pseudoflavonifractor_A	0	0	9	0	0	0	0	0	0	0	0	0	0	0	0	0	0	0	61	0	0	178	0	0	0	0	9	5	0	0	0	0	7	0	0	35	0	0	0	0	0	115	4	0	0	20	0	0	0	0	0	0	0	0	0	0	0	0	11	0	0	0	0	0	0	0	0	0	0	22	0	0	0	14	0	31	0	0	0	0	0	0	0	0	0	0	0	0	0	0	0	97	0	0	0	0	0	0	0	4	0	0	0	66	4	0	8	0	0	22	0	0	0	26	0	0	0	0	0	0	47	7	0	0	0	0	0	0	0	0	0	0	0	0	0	0	0	0	0	11	0	0	0	0	0	0	19	5	0	0	0	0	0	0	0	0	0	0	0	0	0	8	6	0	0	0	0	0	0	19	0	0	0	0	0	0	0	0	0	0	0	0	0
g__Pseudoscilispira	4	0	27	0	13	0	0	0	0	7	6	0	4	5	0	0	11	0	0	0	0	0	7	0	0	0	22	0	0	0	0	0	0	0	0	0	9	0	0	3	0	0	0	0	0	0	17	0	0	0	0	0	0	0	0	0	55	0	0	0	16	0	0	0	0	0	33	42	0	0	0	0	5	0	0	26	0	0	0	0	0	0	0	0	0	0	0	11	0	0	0	0	0	0	0	5	0	0	0	0	21	0	0	0	13	0	0	7	0	0	0	8	0	0	0	22	3	55	7	7	12	23	3	0	0	5	5	5	0	0	0	0	9	12	4	8	0	13	22	12	6	18	0	0	0	15	11	6	9	30	0	8	6	49	5	0	0	0	0	0	0	0	0	0	0	0	6	10	2	0	0	0	9	0	0	0	0	0	0	0	0	9	0
g__Roseburia	127	712	290	792	0	40	290	262	51	102	42	134	0	1164	71	19	0	11	0	0	0	87	182	150	386	9	867	96	0	0	0	1621	0	0	8	0	441	0	0	241	73	184	203	270	0	89	50	0	48	799	115	0	0	28	49	22	179	0	0	0	42	128	56	0	99	0	873	878	0	31	343	244	751	291	0	0	450	0	0	97	4212	0	0	0	1997	0	0	368	341	1130	606	295	351	0	1352	0	0	9	0	0	0	84	119	97	628	149	73	186	226	263	13	539	803	178	3287	0	93	1376	0	1189	26	280	503	172	0	216	182	97	521	0	0	14	68	0	571	0	0	32	0	0	15	20	351	0	0	0	351	114	1571	787	0	125	20	0	522	15	495	28	833	0	1472	0	72	61	0	572	0	0	0	64	774	0	607	0	30	0	0	481	790	0	13	259	0
g__Roseburia_D	0	0	0	0	40	0	5	0	54	0	0	0	0	0	0	0	0	0	0	0	0	0	0	0	0	0	0	0	0	0	0	0	0	0	0	0	0	0	0	0	0	0	0	0	0	0	0	0	0	0	0	0	0	0	0	0	0	0	0	0	5	0	0	0	0	0	0	0	0	0	0	0	0	0	0	0	0	0	0	0	0	0	0	0	0	0	0	0	0	0	0	0	0	0	0	0	0	0	0	0	0	0	0	0	0	0	0	0	0	0	0	0	0	0	11	0	0	0	0	0	0	0	0	0	0	12	0	0	0	0	0	0	0	0	0	0	0	0	0	0	0	0	0	0	0	12	0	0	0	0	0	4	21	0	6	0	28	218	0	0	0	0	0	0	0	0	0	0	0	0	0	0	0	0	0	0	0	0	0	0	0	0	0
g__Rothia	0	0	3	0	0	2	0	0	0	0	0	0	0	0	37	0	0	3	8	0	0	0	0	0	21	0	0	0	0	0	15	0	0	0	0	0	0	0	0	0	0	0	0	0	0	0	0	0	0	37	0	0	0	0	0	0	0	0	6	0	0	0	21	0	0	0	0	0	21	0	0	12	0	15	0	0	0	13	0	8	3	0	0	0	12	25	0	3	0	0	0	0	0	40	21	0	0	0	39	5	25	0	0	0	0	0	0	0	0	0	0	0	0	0	0	0	0	0	28	0	0	0	0	0	0	11	5	0	0	0	0	0	0	0	0	0	0	2	0	17	0	0	13	32	6	4	0	0	3	0	0	8	0	0	0	0	0	0	0	0	0	0	0	0	0	0	15	0	0	0	0	0	0	0	0	6	0	0	0	0	0	0	0
g__Ruminiclostridium_E	0	0	0	0	51	0	16	0	0	0	9	0	0	0	0	0	0	0	0	0	0	0	0	0	0	0	0	0	0	0	0	9	0	0	0	0	9	0	0	3	0	0	0	0	0	0	0	0	0	0	0	0	0	0	0	0	0	0	0	0	0	0	0	0	0	0	0	1016	0	0	0	0	0	0	0	0	0	0	0	0	0	0	0	0	0	0	0	0	0	0	0	0	0	2	0	0	0	0	0	0	0	0	0	0	0	0	0	0	0	0	0	0	0	0	25	0	0	0	0	0	0	0	0	0	0	42	0	0	0	0	0	0	0	0	0	0	23	0	0	0	0	0	0	0	0	73	0	0	275	0	0	0	47	0	161	0	127	0	0	0	0	0	0	0	0	0	0	0	0	0	0	0	0	0	0	0	0	0	0	0	0	0	0
g__Ruminococcus_B	0	41	172	12	54	104	0	116	67	12	721	1188	111	0	2340	2983	352	3685	105	97	671	17	32	475	113	349	4553	0	552	7177	5271	36	1326	9118	37	1004	1275	223	1587	81	120	40	20	127	21	17	175	878	9	109	0	84	2159	12	72	34	11	103	141	385	84	148	199	464	531	323	1229	201	4056	169	2029	347	143	214	305	77	1020	205	3549	65	20	0	5	2169	496	18279	17520	26	1197	38	110	222	332	3667	175	1078	290	965	11192	993	692	1036	0	2086	221	865	46	528	509	293	433	1955	100	298	139	56	1675	399	5625	349	5583	289	0	1031	304	97	1799	0	53	162	1063	66	282	435	148	174	1367	1405	348	833	947	430	407	2914	305	36	197	218	71	412	1621	82	153	37	41	150	18	0	203	826	21	58	391	73	377	1752	35	227	694	74	1346	1515	24	1509	387	5916	258	79	163	11	215	132	603
g__Ruminococcus_C	0	0	18	5	18	0	0	0	0	0	10	0	0	0	0	0	0	0	0	0	0	0	0	0	0	0	0	0	0	0	0	16	0	0	0	0	42	0	0	0	0	0	0	0	0	0	22	0	0	0	0	0	0	0	0	0	0	0	0	0	11	0	0	0	0	0	0	0	0	0	0	0	27	0	9	0	0	4	3	0	0	0	0	0	0	0	0	0	0	0	0	53	0	3	20	0	0	0	0	0	0	0	0	0	32	0	0	0	0	0	0	0	0	0	0	30	0	363	0	10	10	0	0	0	0	34	0	318	0	0	0	0	0	0	0	0	42	0	0	37	0	18	0	0	0	45	0	8	598	0	0	38	72	0	3	0	6	0	334	44	7	33	0	0	0	0	0	0	0	0	0	0	29	0	0	0	8	0	0	4	0	0	0
g__Ruminococcus_E	278	523	0	407	617	0	0	0	1078	0	0	0	0	0	40	0	0	0	0	0	0	0	602	0	0	0	0	0	0	0	0	0	0	0	0	0	0	0	0	0	0	0	48	0	0	0	0	0	0	0	0	0	0	1115	0	112	0	0	0	0	768	0	0	0	0	0	0	985	0	0	0	0	0	0	0	0	0	0	0	0	0	0	0	26	0	0	0	0	0	0	0	7	0	3	0	0	0	0	0	0	0	0	0	0	0	0	0	128	0	3	2	0	0	0	0	0	0	401	0	0	0	0	0	0	0	0	0	196	0	0	0	0	1321	0	0	3	0	0	0	0	0	492	910	0	0	0	0	0	1943	0	0	0	0	0	253	0	141	0	0	0	0	0	0	0	0	40	0	0	0	0	0	0	0	4	19	0	0	0	0	0	0	251	0
g__Ruthenibacterium	0	0	9	0	129	88	0	9	180	0	0	0	56	0	87	0	60	79	0	0	0	0	0	0	0	0	34	0	0	0	247	0	4	0	2	0	72	239	3	5	0	15	0	0	0	125	0	0	0	6	12	11	0	6	0	0	12	0	0	0	58	169	0	0	31	0	0	140	0	0	0	0	5	0	8	16	0	0	0	0	0	0	0	3	0	0	0	0	0	698	0	0	32	413	17	16	0	0	14	0	10	0	0	188	0	42	0	2	5	0	484	32	15	284	60	0	0	28	78	0	14	266	9	110	10	34	3	4	0	0	0	15	14	11	0	0	186	47	0	13	0	8	20	0	0	81	3	0	5	46	25	43	30	18	0	0	0	10	21	1972	0	22	0	8	0	7	67	25	0	9	188	375	0	9	23	14	4	0	11	0	13	0	4
g__Sarcina	0	0	0	0	0	0	0	0	0	0	0	0	0	0	0	0	0	0	0	0	0	0	0	0	0	196	0	0	0	0	0	0	0	1015	0	4	0	0	0	0	9	232	0	0	0	0	0	0	0	0	0	0	0	0	0	0	0	0	0	0	0	0	11	640	5	0	1125	0	29	9	0	12	7	0	0	0	0	0	0	0	4071	0	0	2309	0	21	0	0	0	14	5	0	0	0	0	0	0	0	0	0	0	0	0	0	0	0	0	0	0	0	0	0	0	0	0	0	14	0	0	0	6	0	0	46	0	0	0	0	0	0	0	0	0	0	0	0	15	0	0	0	0	0	23	0	0	0	18	0	0	0	0	75	0	0	0	0	0	0	0	0	0	0	0	0	3	0	0	0	0	0	0	0	0	0	0	0	0	0	0	0	0	0	0
g__Schaedlerella	9	0	0	0	13	84	79	0	50	0	146	299	0	81	0	43	87	0	45	7	0	0	0	0	21	0	71	0	0	0	16	14	0	0	0	0	0	0	21	0	0	18	0	0	0	0	0	0	8	0	0	0	175	13	0	50	0	0	0	96	0	96	0	0	26	0	0	15	88	16	0	247	22	0	0	12	0	0	0	0	0	4	0	0	158	0	0	0	96	0	0	0	59	0	0	0	0	12	0	0	22	105	0	271	12	8	0	29	0	21	0	127	0	0	0	0	24	23	28	20	102	0	45	112	0	0	0	0	0	0	0	0	0	37	34	25	0	195	18	7	0	0	19	0	0	0	36	0	0	18	70	0	0	0	0	0	27	0	0	61	0	17	0	0	0	33	0	106	31	38	24	15	0	0	47	0	0	37	66	0	0	33	0
g__Sellimonas	0	0	85	0	165	285	0	0	1202	0	66	0	0	0	0	0	0	0	0	0	0	0	0	0	86	0	490	0	0	0	0	0	236	0	0	0	9	178	0	0	0	432	0	0	0	12	0	0	0	0	58	76	0	0	0	0	23	0	0	107	32	488	0	0	19	0	0	0	0	0	0	124	20	0	155	0	0	0	0	0	0	0	0	7	323	0	0	0	0	0	0	0	9	320	12	8	0	0	0	55	0	0	0	310	69	0	0	0	0	0	124	0	0	57	0	12	0	69	0	0	0	0	30	0	0	0	0	0	0	0	0	0	0	0	0	0	563	90	0	86	0	116	41	0	0	367	0	51	0	0	222	115	0	67	0	0	5	0	18	11	0	20	0	0	0	21	0	0	0	0	387	0	0	0	38	0	0	0	82	0	9	42	0
g__Streptococcus	238	35	92	26	69	335	1209	4	106	201	17	41	18	0	1777	153	87	41	137	36	71	37	46	7	46	434	189	22	57	101	155	58	30	408	0	355	130	155	12	69	55	2241	303	19	424	46	118	226	233	1196	16	55	9	55	2635	0	0	22	84	200	4	13	3315	67	267	742	771	203	1511	393	349	1012	49	139	875	193	30	4135	851	446	557	84	167	105	288	2907	221	31	224	32	367	51	208	2001	1888	179	11	7	10134	246	677	9	32	141	55	39	158	0	24	19	54	8	20	82	26	542	71	297	1729	81	256	46	98	155	281	181	42	0	0	8	0	54	44	414	131	205	115	43	28	53	260	0	133	1036	213	145	227	168	32	92	171	145	53	82	127	154	11	84	0	42	1533	136	179	126	5920	1542	174	115	38	23	676	225	1006	131	0	52	91	190	10	85	632	32	7208
g__Sutterella	0	202	0	0	715	0	0	0	17	0	3451	0	0	0	0	0	0	15	0	60	0	2	111	75	0	85	0	0	0	0	1899	5	0	40	302	0	217	815	5	111	445	0	0	0	290	0	0	0	0	2	0	0	0	0	0	43	0	0	0	0	0	65	0	195	0	0	3695	0	0	307	161	0	0	27	0	528	0	228	77	100	0	0	0	0	0	2499	8	14	0	7	0	7	0	2	147	4	0	0	0	1052	1570	0	213	1675	1288	339	4	0	8	3	0	2344	0	0	0	0	0	797	12867	456	950	70	0	0	0	465	1069	309	0	158	0	0	81	0	0	0	0	0	0	1845	0	827	0	0	37	0	0	0	783	232	0	33	0	0	2	0	0	488	589	607	48	0	0	4	0	128	155	0	349	181	0	0	0	1159	0	2539	5	0	0	0	105	530	0
g__Terrisporobacter	0	0	0	0	0	0	25	0	10	79	8	0	0	8	0	0	0	0	0	0	0	0	0	14	25	320	0	27	0	0	612	10	0	0	0	8	0	323	0	0	0	0	14	0	0	6	0	0	0	0	0	0	0	51	0	0	0	0	0	34	0	27	26	0	24	0	0	0	359	70	449	33	126	0	0	0	0	0	0	6	8	0	0	0	0	0	0	547	0	0	138	0	0	0	20	0	0	0	12	0	0	0	0	0	0	0	0	0	0	0	0	0	45	0	134	0	0	50	301	0	380	285	0	0	0	0	0	0	0	0	0	0	0	0	0	0	0	0	0	0	0	0	0	0	0	17	0	0	0	67	0	46	0	0	0	0	28	24	10	23	11	0	0	0	0	0	0	0	0	0	0	0	675	0	0	0	0	0	0	21	0	0	0
g__Thomasclavelia	0	0	50	15	44	74	0	0	0	0	60	379	46	0	320	82	14	261	38	0	42	5	0	639	5	14	208	0	72	111	362	4	17	560	0	32	2	554	24	0	11	37	0	0	0	18	0	144	0	251	12	0	4477	0	0	0	38	0	105	32	47	985	0	0	15	51	226	50	58	0	260	33	50	0	58	0	215	44	0	88	0	0	1216	326	143	113	379	3	58	564	0	214	136	392	65	40	25	184	252	3	224	95	11	716	8	5	3	13	70	3	59	3	160	224	96	0	63	17	1038	0	33	0	0	70	316	5	309	0	0	0	80	0	8	69	27	5	300	135	26	43	267	13	160	635	3	50	14	8	11	2	242	43	0	4	3	3	15	0	81	54	6	0	19	4	0	193	0	1	48	0	71	598	0	192	0	902	8	0	22	504	26	12	40
g__Turicibacter	0	0	0	0	18	52	0	2	193	12	0	0	0	0	0	11	3	0	0	0	0	11	0	5	12	920	68	0	0	0	55	78	0	0	0	0	0	0	0	0	0	1	0	0	0	13	7	0	0	0	0	0	317	71	0	0	0	0	0	136	0	0	8	33	20	21	0	0	730	18	463	86	0	0	6	110	0	0	0	5	19	0	0	0	0	0	0	53	74	0	134	0	0	769	291	211	0	0	3	0	28	0	0	65	25	0	23	0	0	0	393	0	0	0	96	0	0	40	71	0	200	225	4	0	0	8	0	49	0	0	0	112	0	0	4	0	5	0	0	0	30	0	26	43	2	397	4	0	0	0	93	31	39	8	13	22	58	238	19	0	68	46	1	0	0	0	42	47	0	21	0	0	0	0	0	0	5	0	0	0	0	0	0
g__Tyzzerella	16	86	0	0	0	0	0	0	0	0	0	5	0	0	0	0	217	0	0	0	265	0	71	0	0	0	0	0	0	0	0	0	0	0	0	272	0	0	0	0	0	0	0	0	0	0	0	0	133	0	0	0	0	32	25	118	35	0	0	0	0	0	0	0	0	0	0	207	0	0	0	82	0	0	0	0	0	0	0	0	0	0	0	0	0	0	0	4	0	0	0	0	2	0	0	35	0	0	0	0	0	0	0	0	0	0	0	0	0	0	0	0	0	0	56	0	0	0	0	5	114	0	0	0	0	0	105	13	0	32	0	0	0	0	46	0	42	0	36	0	0	87	0	0	0	65	91	0	118	133	16	85	0	0	0	0	23	0	0	0	0	0	115	0	0	0	0	9	0	149	7	0	0	0	0	0	0	5	0	0	0	69	0
g__UBA3402	0	0	0	37	0	0	101	0	0	0	0	0	0	0	0	0	0	0	0	0	0	0	0	0	0	0	0	14	0	0	0	36	0	0	0	0	0	0	0	0	0	0	0	0	0	0	0	0	0	0	5	0	0	0	0	7	0	0	0	0	0	0	0	0	0	0	38	0	0	0	0	0	0	0	0	0	0	0	0	0	0	0	0	0	0	0	0	0	0	0	0	0	0	0	0	0	0	0	0	0	0	0	31	0	0	0	0	0	0	0	0	0	0	0	0	0	0	0	0	6	0	0	0	0	0	0	0	14	0	0	0	9	0	0	0	0	0	0	0	0	0	0	0	0	0	0	0	0	22	0	0	0	0	0	0	0	0	55	53	0	0	0	0	21	0	0	0	0	0	0	0	0	0	0	0	0	0	0	0	0	0	41	0
g__URXU01	0	0	0	0	0	0	0	0	0	0	0	0	0	9	363	0	0	9	0	0	0	7	0	0	1138	0	0	0	7980	5	0	5	0	0	0	0	0	0	19	0	0	0	0	0	0	6	0	0	0	0	0	0	0	1939	0	0	0	0	963	0	0	0	0	0	0	0	0	0	0	0	0	0	5	0	0	0	0	0	0	0	0	0	5	0	0	0	0	0	0	1213	0	0	0	0	9	0	0	0	0	0	0	0	0	0	15612	0	1363	0	0	0	0	13134	0	0	0	0	0	0	5	0	0	0	0	0	0	0	6900	0	1112	7311	0	0	0	0	0	0	0	0	0	0	0	0	0	0	354	0	0	523	2	0	0	0	0	0	0	0	0	0	0	0	0	0	0	0	0	0	0	0	0	0	0	0	5	0	0	0	0	0	0	0	1462	0	0
g__Veillonella	12	7	0	8	0	0	186	0	0	19	0	70484	0	22	1398	30	0	1983	0	0	0	19	0	24	0	111	0	36	129	455	548	5	0	269	0	170	0	25	0	30	0	512	42	11	41	11	0	50	0	92	0	0	62	0	51	4	29	0	0	0	0	13	181	0	5	74	396	9	53	77	1753	287	18	6	28	12	1067	161	140	0	10689	349	6213	0	139	1413	158	18	1331	669	37	0	0	3960	2029	12	11	44	378	1285	1402	7	0	35	98	0	52	0	476	0	0	0	0	23	89	0	408	79	7499	0	833	2	0	14	0	7	16	13	0	0	70	7	10	0	34	13	0	0	85	0	22	5	122	316	52	0	22	9	9	10	37	18	0	6	16	107	0	0	63	0	13	56	0	0	210	342	5	30	36	10	21	19	453	632	0	84	26	25	0	4471	0	46	1762
g__Vescimonas	0	10	13	0	0	0	0	11	0	54	0	0	0	0	42	0	0	0	0	0	0	0	0	0	0	0	0	0	0	0	0	0	0	9	28	0	190	795	0	0	0	0	0	0	0	0	0	0	0	0	39	0	0	0	0	17	94	0	0	0	9	17	0	0	0	0	0	138	0	0	0	0	31	0	0	0	0	0	0	0	0	0	0	0	0	0	0	29	0	0	9	0	0	0	69	0	0	0	0	0	10	0	0	0	0	0	84	9	11	0	31	24	25	0	0	0	0	115	0	0	13	66	616	0	0	200	0	13	45	0	0	0	112	0	0	0	0	303	0	0	16	19	5	0	19	1182	0	0	10	0	0	0	278	153	0	0	22	15	92	0	17	0	0	0	0	149	0	0	0	28	0	0	62	0	0	0	0	6	0	0	0	0	0
g__Weissella	5	1	39	10	0	0	356	8	0	0	2	10	25	0	255	104	0	8	18	14	16	0	0	23	62	0	5	0	0	6	0	0	0	0	0	4	7	152	0	0	4	2641	0	7	0	0	4	0	0	0	0	0	18	3	362	7	0	5	11	0	0	46	2552	0	0	6	0	102	0	4	177	0	7	4	0	0	0	8	0	37	33	0	0	0	0	0	0	7	0	0	4	0	8	35	106	0	9	0	741	4	0	0	0	0	0	0	0	0	36	0	0	5	6	0	0	3	0	0	94	0	72	0	0	0	76	32	14	0	11	0	0	12	23	0	52	184	23	179	0	2	0	0	9	0	145	8	180	9	0	0	0	0	0	0	0	0	0	68	0	0	0	0	0	0	0	7	0	0	0	7	54	0	6	0	0	0	0	0	15	221	69	5	14
g__Wujia	0	0	0	0	0	0	14	0	0	0	5	0	0	0	0	0	0	0	0	0	0	0	0	0	0	0	0	0	0	0	0	0	0	0	0	0	0	0	0	0	0	0	0	0	0	0	0	0	0	0	0	0	0	0	0	0	0	0	0	0	0	0	0	0	0	0	0	0	0	0	0	0	0	0	0	0	0	0	0	0	0	0	0	0	0	0	0	5	0	0	0	8	0	0	5	0	0	0	0	0	0	0	103	0	0	0	0	0	8	0	0	0	0	0	0	0	0	0	0	0	0	0	0	0	0	0	0	0	0	0	0	0	0	0	0	0	0	0	0	0	0	0	0	0	0	0	0	0	0	0	0	0	0	0	0	0	299	0	0	0	0	0	0	0	0	0	0	0	0	0	0	0	0	0	0	0	0	0	0	0	0	0	0
