source	target	correlation	p_value
g__Acetatifactor	g__Adlercreutzia	0.2244	0.0767184986595174
g__Acetatifactor	g__Alistipes	0.2656	0.0357104825291181
g__Acetatifactor	g__Aristaeella	0.1957	0.0767184986595174
g__Acetatifactor	g__Blautia	-0.2255	0.0657
g__Acetatifactor	g__Blautia_A	-0.2692	0.0246123853211009
g__Acetatifactor	g__CAG-170	0.283	0.0246123853211009
g__Acetatifactor	g__Coprococcus_A	0.2227	0.0450251748251748
g__Acetatifactor	g__Enterobacter	-0.2187	0.0657
g__Acetatifactor	g__Enterococcus	-0.2164	0.0450251748251748
g__Acetatifactor	g__Enterococcus_A	-0.2322	0.0450251748251748
g__Acetatifactor	g__Faecalimonas	-0.3042	0.0357104825291181
g__Acetatifactor	g__Fusobacterium_A	-0.2468	0.0246123853211009
g__Acetatifactor	g__Granulicatella	-0.2774	0.0246123853211009
g__Acetatifactor	g__Guopingia	0.2182	0.0597494432071269
g__Acetatifactor	g__Hominicoprocola	0.3259	0.0357104825291181
g__Acetatifactor	g__Hominimerdicola	0.2654	0.0450251748251748
g__Acetatifactor	g__Hominiventricola	0.2553	0.0529272503082614
g__Acetatifactor	g__Lacticaseibacillus	-0.1983	0.0597494432071269
g__Acetatifactor	g__Lactococcus	-0.2492	0.0450251748251748
g__Acetatifactor	g__Lancefieldella	-0.1863	0.0529272503082614
g__Acetatifactor	g__Limosilactobacillus	-0.2234	0.0450251748251748
g__Acetatifactor	g__Longicatena	-0.2211	0.0529272503082614
g__Acetatifactor	g__Massilioclostridium	-0.1868	0.0450251748251748
g__Acetatifactor	g__Paraprevotella	0.2163	0.0657
g__Acetatifactor	g__Pseudoflavonifractor_A	-0.1874	0.0767184986595174
g__Acetatifactor	g__Roseburia_D	0.2702	0.0357104825291181
g__Acetatifactor	g__Rothia	-0.2734	0.0246123853211009
g__Acetatifactor	g__Ruminococcus_B	-0.3085	0.0246123853211009
g__Acetatifactor	g__Ruminococcus_E	0.2412	0.0529272503082614
g__Acetatifactor	g__Streptococcus	-0.2445	0.0529272503082614
g__Acetatifactor	g__Thomasclavelia	-0.2305	0.0939816878980891
g__Acetatifactor	g__UBA3402	0.221	0.0450251748251748
g__Acetatifactor	g__Vescimonas	0.2276	0.0657
g__Acetatifactor	g__Wujia	0.2173	0.0597494432071269
g__Acutalibacter	g__Allocoprobacillus	0.2262	0.0529272503082614
g__Acutalibacter	g__Anaeromassilibacillus	0.4232	0.0246123853211009
g__Acutalibacter	g__CAG-177	0.2313	0.0450251748251748
g__Acutalibacter	g__Enterocloster	-0.2156	0.0529272503082614
g__Acutalibacter	g__Fusicatenibacter	-0.2142	0.0882483552631579
g__Acutalibacter	g__Guopingia	0.2226	0.0357104825291181
g__Acutalibacter	g__Merdibacter	0.2934	0.0246123853211009
g__Acutalibacter	g__Merdimonas	0.2255	0.0357104825291181
g__Acutalibacter	g__Merdivicinus	0.2206	0.0450251748251748
g__Acutalibacter	g__Muricomes	0.1984	0.0657
g__Acutalibacter	g__Negativibacillus	0.2973	0.0246123853211009
g__Acutalibacter	g__Pediococcus	0.2655	0.0246123853211009
g__Adlercreutzia	g__Alistipes	0.3268	0.0246123853211009
g__Adlercreutzia	g__Amedibacterium	-0.191	0.0714719314938154
g__Adlercreutzia	g__Anaerofustis	-0.1845	0.0657
g__Adlercreutzia	g__Aristaeella	0.228	0.0714719314938154
g__Adlercreutzia	g__Blautia	-0.2968	0.0246123853211009
g__Adlercreutzia	g__Blautia_A	-0.2893	0.0357104825291181
g__Adlercreutzia	g__Coprococcus_A	0.2712	0.0357104825291181
g__Adlercreutzia	g__Dialister	-0.2362	0.0357104825291181
g__Adlercreutzia	g__Eggerthella	-0.3051	0.0246123853211009
g__Adlercreutzia	g__Enterococcus_A	-0.2115	0.0450251748251748
g__Adlercreutzia	g__Enterococcus_B	-0.2557	0.0246123853211009
g__Adlercreutzia	g__Evtepia	0.3052	0.0246123853211009
g__Adlercreutzia	g__Faecalimonas	-0.3422	0.0246123853211009
g__Adlercreutzia	g__Flavonifractor	-0.2453	0.0246123853211009
g__Adlercreutzia	g__Fusobacterium_A	-0.2142	0.0450251748251748
g__Adlercreutzia	g__Gemmiger	0.327	0.0357104825291181
g__Adlercreutzia	g__Haemophilus_D	-0.2122	0.0767184986595174
g__Adlercreutzia	g__Hominenteromicrobium	0.2235	0.0529272503082614
g__Adlercreutzia	g__Hominibacterium	0.2195	0.0714719314938154
g__Adlercreutzia	g__Hominicoprocola	0.3231	0.0246123853211009
g__Adlercreutzia	g__Lachnoclostridium_B	0.3823	0.0246123853211009
g__Adlercreutzia	g__Lactobacillus	-0.2044	0.0529272503082614
g__Adlercreutzia	g__Laedolimicola	0.2075	0.0597494432071269
g__Adlercreutzia	g__Lentihominibacter	0.3204	0.0246123853211009
g__Adlercreutzia	g__Limivivens	0.262	0.0357104825291181
g__Adlercreutzia	g__Limosilactobacillus	-0.1817	0.0714719314938154
g__Adlercreutzia	g__Longicatena	-0.2264	0.0246123853211009
g__Adlercreutzia	g__Murimonas	0.2867	0.0357104825291181
g__Adlercreutzia	g__Nanosynbacter	-0.2736	0.0246123853211009
g__Adlercreutzia	g__Paraprevotella	0.1697	0.0824756618274978
g__Adlercreutzia	g__Pediococcus	-0.2061	0.0597494432071269
g__Adlercreutzia	g__Peptostreptococcus	-0.1795	0.0767184986595174
g__Adlercreutzia	g__Roseburia_D	0.2141	0.0597494432071269
g__Adlercreutzia	g__Ruminococcus_B	-0.3576	0.0246123853211009
g__Adlercreutzia	g__Ruminococcus_E	0.2115	0.0714719314938154
g__Adlercreutzia	g__Sarcina	-0.225	0.0357104825291181
g__Adlercreutzia	g__Streptococcus	-0.2733	0.0357104825291181
g__Adlercreutzia	g__Thomasclavelia	-0.29	0.0246123853211009
g__Adlercreutzia	g__Veillonella	-0.3272	0.0357104825291181
g__Adlercreutzia	g__Vescimonas	0.2346	0.0597494432071269
g__Agathobacter	g__Amedibacterium	-0.2323	0.0357104825291181
g__Agathobacter	g__Choladousia	0.2077	0.0824756618274978
g__Agathobacter	g__Lachnoclostridium_B	0.2176	0.0657
g__Agathobacter	g__Ruminococcus_B	-0.2338	0.0983743315508021
g__Agathobacter	g__Schaedlerella	-0.2289	0.0714719314938154
g__Agathobacter	g__Thomasclavelia	-0.3793	0.0246123853211009
g__Agathobaculum	g__Dorea	0.3288	0.0357104825291181
g__Agathobaculum	g__Gemmiger	0.3315	0.0246123853211009
g__Agathobaculum	g__Hominilimicola	0.2279	0.0714719314938154
g__Agathobaculum	g__Lachnoclostridium_B	0.2473	0.0529272503082614
g__Agathobaculum	g__Ligilactobacillus	-0.2071	0.0714719314938154
g__Agathobaculum	g__Limivivens	0.2303	0.0597494432071269
g__Agathobaculum	g__Limosilactobacillus	-0.2194	0.0357104825291181
g__Agathobaculum	g__Massilioclostridium	-0.1694	0.0983743315508021
g__Agathobaculum	g__Pediococcus	-0.1887	0.0882483552631579
g__Agathobaculum	g__Streptococcus	-0.2284	0.0882483552631579
g__Alistipes	g__Amedibacterium	-0.3038	0.0246123853211009
g__Alistipes	g__Bacteroides	0.2412	0.0657
g__Alistipes	g__Blautia	-0.3048	0.0246123853211009
g__Alistipes	g__Blautia_A	-0.4731	0.0246123853211009
g__Alistipes	g__CAG-170	0.2368	0.0529272503082614
g__Alistipes	g__Clostridium_A	0.2128	0.0882483552631579
g__Alistipes	g__Coprococcus_A	0.2304	0.0597494432071269
g__Alistipes	g__Dysosmobacter	0.2531	0.0597494432071269
g__Alistipes	g__Enterococcus_A	-0.2962	0.0246123853211009
g__Alistipes	g__Evtepia	0.3123	0.0246123853211009
g__Alistipes	g__Faecalimonas	-0.4277	0.0246123853211009
g__Alistipes	g__Finegoldia	-0.2651	0.0246123853211009
g__Alistipes	g__Flavonifractor	-0.244	0.0597494432071269
g__Alistipes	g__Fusobacterium_A	-0.2794	0.0246123853211009
g__Alistipes	g__Gallintestinimicrobium	0.2791	0.0246123853211009
g__Alistipes	g__Gemmiger	0.41	0.0246123853211009
g__Alistipes	g__Granulicatella	-0.2014	0.0824756618274978
g__Alistipes	g__Guopingia	0.1982	0.0767184986595174
g__Alistipes	g__Hominenteromicrobium	0.3404	0.0246123853211009
g__Alistipes	g__Hominibacterium	0.2129	0.0882483552631579
g__Alistipes	g__Hominicoprocola	0.3368	0.0246123853211009
g__Alistipes	g__Hominilimicola	0.3647	0.0246123853211009
g__Alistipes	g__Hominiventricola	0.3377	0.0246123853211009
g__Alistipes	g__Intestinibacter	-0.2011	0.0983743315508021
g__Alistipes	g__Klebsiella	-0.2314	0.0657
g__Alistipes	g__Lacticaseibacillus	-0.2481	0.0357104825291181
g__Alistipes	g__Lactobacillus	-0.2001	0.0657
g__Alistipes	g__Lancefieldella	-0.1992	0.0529272503082614
g__Alistipes	g__Lentihominibacter	0.2523	0.0450251748251748
g__Alistipes	g__Limivivens	0.2788	0.0246123853211009
g__Alistipes	g__Longicatena	-0.2082	0.0529272503082614
g__Alistipes	g__Mediterraneibacter	0.2551	0.0597494432071269
g__Alistipes	g__Merdimmobilis	-0.1943	0.0767184986595174
g__Alistipes	g__Murimonas	0.2786	0.0246123853211009
g__Alistipes	g__Nanosynbacter	-0.2785	0.0357104825291181
g__Alistipes	g__Pediococcus	-0.2123	0.0767184986595174
g__Alistipes	g__Peptostreptococcus	-0.1831	0.0939816878980891
g__Alistipes	g__Pseudoflavonifractor_A	-0.1749	0.0597494432071269
g__Alistipes	g__Ruminococcus_B	-0.3297	0.0246123853211009
g__Alistipes	g__Ruminococcus_E	0.3281	0.0246123853211009
g__Alistipes	g__Ruthenibacterium	0.2275	0.0657
g__Alistipes	g__Streptococcus	-0.2676	0.0450251748251748
g__Alistipes	g__Thomasclavelia	-0.2212	0.0714719314938154
g__Alistipes	g__Veillonella	-0.3371	0.0246123853211009
g__Alistipes	g__Vescimonas	0.3989	0.0246123853211009
g__Alistipes_A	g__Hominimerdicola	-0.2154	0.0657
g__Alitiscatomonas	g__Brotaphodocola	0.3	0.0246123853211009
g__Alitiscatomonas	g__Dysosmobacter	0.2505	0.0529272503082614
g__Alitiscatomonas	g__Enterocloster	0.2588	0.0357104825291181
g__Alitiscatomonas	g__Hominibacterium	-0.3069	0.0357104825291181
g__Alitiscatomonas	g__Lachnospira	0.3861	0.0246123853211009
g__Alitiscatomonas	g__Lactonifactor	-0.2135	0.0597494432071269
g__Alitiscatomonas	g__Merdivicinus	-0.2361	0.0450251748251748
g__Alitiscatomonas	g__Parasutterella	0.1954	0.0882483552631579
g__Alitiscatomonas	g__Phocaeicola	0.2592	0.0657
g__Allocoprobacillus	g__Anaerofustis	0.1868	0.0824756618274978
g__Allocoprobacillus	g__Anaeromassilibacillus	0.3093	0.0246123853211009
g__Allocoprobacillus	g__Anaerotruncus	0.2672	0.0246123853211009
g__Allocoprobacillus	g__Bariatricus	-0.2049	0.0939816878980891
g__Allocoprobacillus	g__Bittarella	0.2035	0.0657
g__Allocoprobacillus	g__Butyribacter	-0.2184	0.0529272503082614
g__Allocoprobacillus	g__Choladousia	-0.2319	0.0597494432071269
g__Allocoprobacillus	g__Eggerthella	0.2608	0.0357104825291181
g__Allocoprobacillus	g__Enterococcus_A	0.1835	0.0714719314938154
g__Allocoprobacillus	g__Flavonifractor	0.2491	0.0357104825291181
g__Allocoprobacillus	g__Hominicoprocola	-0.2472	0.0450251748251748
g__Allocoprobacillus	g__Hungatella	0.2572	0.0246123853211009
g__Allocoprobacillus	g__Lachnospira	-0.2462	0.0657
g__Allocoprobacillus	g__Merdivicinus	0.1978	0.0657
g__Allocoprobacillus	g__Muricomes	0.2763	0.0246123853211009
g__Allocoprobacillus	g__Odoribacter	-0.2557	0.0357104825291181
g__Allocoprobacillus	g__Ruminococcus_B	0.2258	0.0882483552631579
g__Allocoprobacillus	g__Ruthenibacterium	0.2076	0.0657
g__Allocoprobacillus	g__Sellimonas	0.2379	0.0246123853211009
g__Allocoprobacillus	g__Thomasclavelia	0.3223	0.0246123853211009
g__Amedibacterium	g__Blautia	0.3308	0.0246123853211009
g__Amedibacterium	g__Blautia_A	0.2506	0.0529272503082614
g__Amedibacterium	g__Dorea	-0.1887	0.0714719314938154
g__Amedibacterium	g__Enterocloster	0.2032	0.0657
g__Amedibacterium	g__Enterococcus_A	0.1789	0.0529272503082614
g__Amedibacterium	g__Faecalimonas	0.3907	0.0246123853211009
g__Amedibacterium	g__Flavonifractor	0.2068	0.0450251748251748
g__Amedibacterium	g__Fusobacterium_A	0.1727	0.0657
g__Amedibacterium	g__Gallintestinimicrobium	-0.2022	0.0882483552631579
g__Amedibacterium	g__Gemella	0.1865	0.0767184986595174
g__Amedibacterium	g__Gemmiger	-0.3009	0.0246123853211009
g__Amedibacterium	g__Gordonibacter	-0.1847	0.0767184986595174
g__Amedibacterium	g__Hominicoprocola	-0.2304	0.0357104825291181
g__Amedibacterium	g__Lachnoclostridium_B	-0.2011	0.0714719314938154
g__Amedibacterium	g__Lacticaseibacillus	0.1775	0.0714719314938154
g__Amedibacterium	g__Lactobacillus	0.1933	0.0597494432071269
g__Amedibacterium	g__Lentihominibacter	-0.1909	0.0983743315508021
g__Amedibacterium	g__Longicatena	0.2057	0.0657
g__Amedibacterium	g__Massilioclostridium	0.1585	0.0657
g__Amedibacterium	g__Merdimmobilis	0.1835	0.0657
g__Amedibacterium	g__Pediococcus	0.215	0.0657
g__Amedibacterium	g__Pseudoflavonifractor_A	0.2005	0.0246123853211009
g__Amedibacterium	g__Roseburia	-0.216	0.0657
g__Amedibacterium	g__Ruminococcus_B	0.3424	0.0246123853211009
g__Amedibacterium	g__Thomasclavelia	0.2242	0.0246123853211009
g__Amedibacterium	g__Tyzzerella	0.2638	0.0246123853211009
g__Amedibacterium	g__Vescimonas	-0.2132	0.0529272503082614
g__Anaerobutyricum	g__Collinsella	0.2636	0.0357104825291181
g__Anaerobutyricum	g__Enterococcus_B	-0.2088	0.0882483552631579
g__Anaerobutyricum	g__Faecalimonas	-0.2775	0.0450251748251748
g__Anaerobutyricum	g__Finegoldia	-0.1555	0.0714719314938154
g__Anaerobutyricum	g__Flavonifractor	-0.2236	0.0824756618274978
g__Anaerobutyricum	g__Fusicatenibacter	0.2717	0.0450251748251748
g__Anaerobutyricum	g__Fusobacterium_A	-0.1793	0.0529272503082614
g__Anaerobutyricum	g__Gemmiger	0.2583	0.0657
g__Anaerobutyricum	g__Haemophilus_D	-0.3967	0.0246123853211009
g__Anaerobutyricum	g__Intestinibacter	-0.2085	0.0939816878980891
g__Anaerobutyricum	g__Lachnoclostridium_B	0.2427	0.0767184986595174
g__Anaerobutyricum	g__Lacticaseibacillus	-0.3841	0.0246123853211009
g__Anaerobutyricum	g__Limosilactobacillus	-0.2502	0.0246123853211009
g__Anaerobutyricum	g__Mediterraneibacter	0.2249	0.0714719314938154
g__Anaerobutyricum	g__Nanosynbacter	-0.318	0.0246123853211009
g__Anaerobutyricum	g__Oliverpabstia	0.2439	0.0450251748251748
g__Anaerobutyricum	g__Rothia	-0.1849	0.0983743315508021
g__Anaerobutyricum	g__Ruminococcus_B	-0.2847	0.0246123853211009
g__Anaerobutyricum	g__Sarcina	-0.2222	0.0529272503082614
g__Anaerobutyricum	g__Thomasclavelia	-0.3	0.0246123853211009
g__Anaerobutyricum	g__Veillonella	-0.3721	0.0246123853211009
g__Anaerofustis	g__Aristaeella	-0.1962	0.0529272503082614
g__Anaerofustis	g__Bariatricus	-0.222	0.0357104825291181
g__Anaerofustis	g__Bittarella	0.2108	0.0450251748251748
g__Anaerofustis	g__Blautia_A	0.1886	0.0983743315508021
g__Anaerofustis	g__Clostridium_AP	0.2287	0.0357104825291181
g__Anaerofustis	g__Eggerthella	0.2236	0.0357104825291181
g__Anaerofustis	g__Enterococcus_A	0.2129	0.0357104825291181
g__Anaerofustis	g__Faecalimonas	0.2252	0.0357104825291181
g__Anaerofustis	g__Flavonifractor	0.2102	0.0357104825291181
g__Anaerofustis	g__Hominicoprocola	-0.27	0.0246123853211009
g__Anaerofustis	g__Hungatella	0.2274	0.0357104825291181
g__Anaerofustis	g__JAGTTR01	-0.1761	0.0714719314938154
g__Anaerofustis	g__Lachnoclostridium_B	-0.1973	0.0714719314938154
g__Anaerofustis	g__Lactonifactor	0.2407	0.0357104825291181
g__Anaerofustis	g__Ligilactobacillus	0.1673	0.0767184986595174
g__Anaerofustis	g__Limivivens	-0.1904	0.0657
g__Anaerofustis	g__Longicatena	0.1921	0.0714719314938154
g__Anaerofustis	g__Murimonas	-0.1956	0.0767184986595174
g__Anaerofustis	g__Pseudoflavonifractor_A	0.1534	0.0983743315508021
g__Anaerofustis	g__Ruminococcus_B	0.2882	0.0246123853211009
g__Anaerofustis	g__Thomasclavelia	0.2683	0.0246123853211009
g__Anaeromassilibacillus	g__Anaerotignum	0.2275	0.0529272503082614
g__Anaeromassilibacillus	g__Dorea_A	-0.2343	0.0246123853211009
g__Anaeromassilibacillus	g__Guopingia	0.2511	0.0357104825291181
g__Anaeromassilibacillus	g__Hominifimenecus	-0.1939	0.0597494432071269
g__Anaeromassilibacillus	g__Merdibacter	0.2452	0.0246123853211009
g__Anaeromassilibacillus	g__Merdimonas	0.1855	0.0824756618274978
g__Anaeromassilibacillus	g__Muricomes	0.1981	0.0657
g__Anaeromassilibacillus	g__Pediococcus	0.2276	0.0450251748251748
g__Anaeromassilibacillus	g__Sellimonas	0.2329	0.0357104825291181
g__Anaerostipes	g__Odoribacter	0.2393	0.0597494432071269
g__Anaerotignum	g__Clostridium	-0.2338	0.0714719314938154
g__Anaerotignum	g__Faecalibacterium	-0.2612	0.0246123853211009
g__Anaerotignum	g__Klebsiella	-0.2758	0.0246123853211009
g__Anaerotignum	g__Merdivicinus	0.2147	0.0714719314938154
g__Anaerotignum	g__Ruthenibacterium	0.2145	0.0882483552631579
g__Anaerotignum	g__Sellimonas	0.1982	0.0882483552631579
g__Anaerotignum	g__Turicibacter	-0.2091	0.0983743315508021
g__Anaerotruncus	g__Faecalibacterium	-0.2055	0.0714719314938154
g__Anaerotruncus	g__Ruminococcus_E	0.2119	0.0657
g__Anthropogastromicrobium	g__Gallintestinimicrobium	0.2744	0.0246123853211009
g__Anthropogastromicrobium	g__Hominilimicola	0.2954	0.0246123853211009
g__Anthropogastromicrobium	g__Lactobacillus	-0.1934	0.0714719314938154
g__Anthropogastromicrobium	g__Peptostreptococcus	-0.2326	0.0529272503082614
g__Anthropogastromicrobium	g__Roseburia	0.2881	0.0357104825291181
g__Anthropogastromicrobium	g__Terrisporobacter	-0.2253	0.0767184986595174
g__Aristaeella	g__Butyribacter	0.2233	0.0450251748251748
g__Aristaeella	g__CAG-170	0.246	0.0246123853211009
g__Aristaeella	g__CAG-177	0.1921	0.0983743315508021
g__Aristaeella	g__Flavonifractor	-0.2308	0.0529272503082614
g__Aristaeella	g__JAGTTR01	0.2285	0.0246123853211009
g__Aristaeella	g__Lawsonibacter	-0.202	0.0657
g__Aristaeella	g__Onthenecus	0.2018	0.0882483552631579
g__Aristaeella	g__Pauljensenia	-0.1729	0.0983743315508021
g__Aristaeella	g__Pseudoflavonifractor_A	-0.164	0.0983743315508021
g__Aristaeella	g__Roseburia_D	0.2784	0.0246123853211009
g__Aristaeella	g__Ruminococcus_B	-0.2248	0.0767184986595174
g__Bacteroides	g__Catenibacterium	-0.2357	0.0824756618274978
g__Bacteroides	g__Clostridium_AP	0.2196	0.0529272503082614
g__Bacteroides	g__Dialister	0.2622	0.0357104825291181
g__Bacteroides	g__Flavonifractor	0.247	0.0714719314938154
g__Bacteroides	g__Holdemanella	-0.2617	0.0597494432071269
g__Bacteroides	g__Hungatella	0.204	0.0529272503082614
g__Bacteroides	g__Lachnoclostridium_B	-0.2221	0.0824756618274978
g__Bacteroides	g__Limivivens	-0.2253	0.0882483552631579
g__Bacteroides	g__Parasutterella	0.2493	0.0357104825291181
g__Bacteroides	g__Phocaeicola	0.239	0.0882483552631579
g__Bariatricus	g__Bittarella	-0.1932	0.0983743315508021
g__Bariatricus	g__Blautia	-0.265	0.0357104825291181
g__Bariatricus	g__Blautia_A	-0.2638	0.0714719314938154
g__Bariatricus	g__Catenibacterium	0.2244	0.0597494432071269
g__Bariatricus	g__Clostridium_AP	-0.2847	0.0246123853211009
g__Bariatricus	g__Coprococcus_A	0.3693	0.0246123853211009
g__Bariatricus	g__Dorea	0.403	0.0246123853211009
g__Bariatricus	g__Dorea_A	0.2837	0.0450251748251748
g__Bariatricus	g__Enterocloster	-0.3458	0.0246123853211009
g__Bariatricus	g__Enterococcus_A	-0.1793	0.0767184986595174
g__Bariatricus	g__Eubacterium_I	0.2556	0.0357104825291181
g__Bariatricus	g__Faecalimonas	-0.3767	0.0246123853211009
g__Bariatricus	g__Flavonifractor	-0.2654	0.0357104825291181
g__Bariatricus	g__Fusobacterium_A	-0.1997	0.0357104825291181
g__Bariatricus	g__Gemmiger	0.3174	0.0246123853211009
g__Bariatricus	g__Hominenteromicrobium	0.268	0.0357104825291181
g__Bariatricus	g__Hominicoprocola	0.3514	0.0246123853211009
g__Bariatricus	g__Hominiventricola	0.2719	0.0357104825291181
g__Bariatricus	g__Hungatella	-0.3621	0.0246123853211009
g__Bariatricus	g__Intestinibacter	-0.275	0.0357104825291181
g__Bariatricus	g__JAGTTR01	0.2162	0.0357104825291181
g__Bariatricus	g__Lachnoclostridium_B	0.2763	0.0357104825291181
g__Bariatricus	g__Lacticaseibacillus	-0.2763	0.0246123853211009
g__Bariatricus	g__Lactobacillus	-0.2181	0.0357104825291181
g__Bariatricus	g__Limivivens	0.2928	0.0357104825291181
g__Bariatricus	g__Longicatena	-0.2032	0.0767184986595174
g__Bariatricus	g__Muricomes	-0.1846	0.0983743315508021
g__Bariatricus	g__Oliverpabstia	0.284	0.0246123853211009
g__Bariatricus	g__Ruminococcus_B	-0.4377	0.0246123853211009
g__Bariatricus	g__Sellimonas	-0.2816	0.0357104825291181
g__Bariatricus	g__Thomasclavelia	-0.3163	0.0246123853211009
g__Bariatricus	g__Turicibacter	-0.2159	0.0657
g__Bariatricus	g__Vescimonas	0.3081	0.0246123853211009
g__Bittarella	g__Butyribacter	-0.1752	0.0983743315508021
g__Bittarella	g__Choladousia	-0.2114	0.0357104825291181
g__Bittarella	g__Clostridium_AP	0.2104	0.0450251748251748
g__Bittarella	g__Dysosmobacter	-0.2105	0.0357104825291181
g__Bittarella	g__Eubacterium_F	-0.1851	0.0939816878980891
g__Bittarella	g__Fusobacterium_A	0.182	0.0357104825291181
g__Bittarella	g__Hominimerdicola	-0.1882	0.0767184986595174
g__Bittarella	g__Hominiventricola	-0.1871	0.0824756618274978
g__Bittarella	g__Lachnospira	-0.2523	0.0246123853211009
g__Bittarella	g__Lactonifactor	0.1993	0.0657
g__Bittarella	g__Muricomes	0.1786	0.0767184986595174
g__Bittarella	g__Ruminococcus_B	0.2195	0.0714719314938154
g__Bittarella	g__Thomasclavelia	0.2345	0.0246123853211009
g__Blautia	g__Blautia_A	0.4365	0.0246123853211009
g__Blautia	g__CAG-170	-0.2004	0.0983743315508021
g__Blautia	g__Coprococcus_A	-0.2979	0.0357104825291181
g__Blautia	g__Dorea	-0.2708	0.0597494432071269
g__Blautia	g__Eggerthella	0.2523	0.0357104825291181
g__Blautia	g__Enterocloster	0.2629	0.0450251748251748
g__Blautia	g__Enterococcus_A	0.2306	0.0357104825291181
g__Blautia	g__Eubacterium_G	-0.2196	0.0824756618274978
g__Blautia	g__Faecalimonas	0.5537	0.0246123853211009
g__Blautia	g__Finegoldia	0.1761	0.0529272503082614
g__Blautia	g__Flavonifractor	0.3235	0.0246123853211009
g__Blautia	g__Fusobacterium_A	0.2085	0.0597494432071269
g__Blautia	g__Gemella	0.2514	0.0357104825291181
g__Blautia	g__Gemmiger	-0.461	0.0246123853211009
g__Blautia	g__Granulicatella	0.2431	0.0450251748251748
g__Blautia	g__Hominicoprocola	-0.3783	0.0246123853211009
g__Blautia	g__Hungatella	0.193	0.0983743315508021
g__Blautia	g__Intestinibacter	0.2544	0.0450251748251748
g__Blautia	g__Lacticaseibacillus	0.2914	0.0246123853211009
g__Blautia	g__Lactobacillus	0.2195	0.0450251748251748
g__Blautia	g__Lentihominibacter	-0.3349	0.0246123853211009
g__Blautia	g__Leuconostoc	0.2066	0.0529272503082614
g__Blautia	g__Ligilactobacillus	0.1761	0.0882483552631579
g__Blautia	g__Longicatena	0.2327	0.0246123853211009
g__Blautia	g__Murimonas	-0.3121	0.0246123853211009
g__Blautia	g__Nanosynbacter	0.2464	0.0246123853211009
g__Blautia	g__Pediococcus	0.2836	0.0246123853211009
g__Blautia	g__Pseudoflavonifractor_A	0.1704	0.0939816878980891
g__Blautia	g__Ruminococcus_B	0.4589	0.0246123853211009
g__Blautia	g__Sarcina	0.2173	0.0357104825291181
g__Blautia	g__Streptococcus	0.2576	0.0357104825291181
g__Blautia	g__Thomasclavelia	0.3287	0.0246123853211009
g__Blautia	g__Veillonella	0.2914	0.0357104825291181
g__Blautia	g__Vescimonas	-0.4142	0.0246123853211009
g__Blautia_A	g__Butyribacter	-0.2273	0.0657
g__Blautia_A	g__CAG-170	-0.2476	0.0529272503082614
g__Blautia_A	g__Clostridium_AP	0.2228	0.0824756618274978
g__Blautia_A	g__Coprococcus_A	-0.2755	0.0450251748251748
g__Blautia_A	g__Enterococcus_A	0.2771	0.0246123853211009
g__Blautia_A	g__Eubacterium_G	-0.2641	0.0357104825291181
g__Blautia_A	g__Faecalimonas	0.4622	0.0246123853211009
g__Blautia_A	g__Flavonifractor	0.26	0.0529272503082614
g__Blautia_A	g__Fusobacterium_A	0.2458	0.0450251748251748
g__Blautia_A	g__Gallintestinimicrobium	-0.323	0.0246123853211009
g__Blautia_A	g__Gemella	0.2718	0.0357104825291181
g__Blautia_A	g__Gemmiger	-0.3852	0.0246123853211009
g__Blautia_A	g__Hominicoprocola	-0.3921	0.0246123853211009
g__Blautia_A	g__Lacticaseibacillus	0.3382	0.0246123853211009
g__Blautia_A	g__Lactobacillus	0.2545	0.0246123853211009
g__Blautia_A	g__Lancefieldella	0.3019	0.0246123853211009
g__Blautia_A	g__Limivivens	-0.2671	0.0450251748251748
g__Blautia_A	g__Longicatena	0.2226	0.0529272503082614
g__Blautia_A	g__Merdibacter	0.1813	0.0939816878980891
g__Blautia_A	g__Murimonas	-0.2815	0.0450251748251748
g__Blautia_A	g__Pediococcus	0.3297	0.0246123853211009
g__Blautia_A	g__Roseburia_D	-0.2859	0.0357104825291181
g__Blautia_A	g__Ruminococcus_B	0.4863	0.0246123853211009
g__Blautia_A	g__Ruminococcus_E	-0.2184	0.0983743315508021
g__Blautia_A	g__Schaedlerella	0.3007	0.0357104825291181
g__Blautia_A	g__Streptococcus	0.284	0.0450251748251748
g__Blautia_A	g__Thomasclavelia	0.4384	0.0246123853211009
g__Blautia_A	g__Veillonella	0.2998	0.0529272503082614
g__Blautia_A	g__Vescimonas	-0.3137	0.0246123853211009
g__Brotaphodocola	g__Clostridium_AP	-0.1893	0.0983743315508021
g__Brotaphodocola	g__Eubacterium_G	0.2138	0.0824756618274978
g__Brotaphodocola	g__Eubacterium_I	0.2119	0.0882483552631579
g__Brotaphodocola	g__Otoolea	0.2072	0.0983743315508021
g__Brotaphodocola	g__Ruthenibacterium	-0.2521	0.0246123853211009
g__Brotaphodocola	g__UBA3402	0.1808	0.0983743315508021
g__Butyribacter	g__CAG-170	0.1837	0.0714719314938154
g__Butyribacter	g__Choladousia	0.2563	0.0246123853211009
g__Butyribacter	g__Eubacterium_F	0.3659	0.0246123853211009
g__Butyribacter	g__Hominifimenecus	0.2002	0.0714719314938154
g__Butyribacter	g__Hominimerdicola	0.2106	0.0597494432071269
g__Butyribacter	g__Terrisporobacter	-0.2186	0.0357104825291181
g__Butyribacter	g__Tyzzerella	0.1938	0.0824756618274978
g__Butyribacter	g__Wujia	0.398	0.0246123853211009
g__CAG-170	g__CAG-177	0.3078	0.0246123853211009
g__CAG-170	g__Enterobacter	-0.1981	0.0714719314938154
g__CAG-170	g__Evtepia	0.2018	0.0824756618274978
g__CAG-170	g__Faecousia	0.1762	0.0767184986595174
g__CAG-170	g__Flavonifractor	-0.2672	0.0246123853211009
g__CAG-170	g__Guopingia	0.2506	0.0246123853211009
g__CAG-170	g__Hominenteromicrobium	0.2217	0.0529272503082614
g__CAG-170	g__Hominicoprocola	0.3153	0.0246123853211009
g__CAG-170	g__Roseburia_D	0.3756	0.0246123853211009
g__CAG-170	g__Ruminiclostridium_E	0.2154	0.0529272503082614
g__CAG-170	g__Ruminococcus_B	-0.2348	0.0657
g__CAG-170	g__Ruminococcus_E	0.2603	0.0357104825291181
g__CAG-170	g__Streptococcus	-0.2034	0.0983743315508021
g__CAG-170	g__Terrisporobacter	-0.1758	0.0983743315508021
g__CAG-170	g__Wujia	0.2753	0.0246123853211009
g__CAG-177	g__Faecousia	0.1993	0.0657
g__CAG-177	g__Guopingia	0.2991	0.0246123853211009
g__CAG-177	g__Hominibacterium	0.2736	0.0246123853211009
g__CAG-177	g__Hominicoprocola	0.2227	0.0657
g__CAG-177	g__Merdivicinus	0.1767	0.0824756618274978
g__CAG-177	g__Roseburia_D	0.2993	0.0246123853211009
g__CAG-177	g__Ruminococcus_B	-0.2219	0.0767184986595174
g__CAG-177	g__Schaedlerella	-0.1993	0.0657
g__CAG-488	g__JAGTTR01	0.1861	0.0824756618274978
g__CAG-488	g__Latilactobacillus	-0.1915	0.0939816878980891
g__CAG-488	g__Lentihominibacter	0.2141	0.0882483552631579
g__CAG-488	g__Weissella	-0.1909	0.0657
g__Catenibacterium	g__Clostridium_A	-0.275	0.0246123853211009
g__Catenibacterium	g__Dysosmobacter	-0.2083	0.0882483552631579
g__Catenibacterium	g__Eggerthella	-0.2276	0.0597494432071269
g__Catenibacterium	g__Holdemanella	0.2792	0.0450251748251748
g__Catenibacterium	g__Odoribacter	-0.215	0.0983743315508021
g__Catenibacterium	g__Prevotella	0.2369	0.0450251748251748
g__Choladousia	g__Clostridium_AP	-0.2119	0.0597494432071269
g__Choladousia	g__Eggerthella	-0.2328	0.0657
g__Choladousia	g__Eubacterium_F	0.1789	0.0767184986595174
g__Choladousia	g__Eubacterium_I	0.2107	0.0657
g__Choladousia	g__Faecalimonas	-0.1864	0.0882483552631579
g__Choladousia	g__Flavonifractor	-0.3329	0.0246123853211009
g__Choladousia	g__Granulicatella	-0.1982	0.0597494432071269
g__Choladousia	g__Hominicoprocola	0.2625	0.0450251748251748
g__Choladousia	g__Hominifimenecus	0.2616	0.0246123853211009
g__Choladousia	g__Intestinibacter	-0.223	0.0597494432071269
g__Choladousia	g__JAGTTR01	0.1882	0.0767184986595174
g__Choladousia	g__Lactonifactor	-0.1931	0.0657
g__Choladousia	g__Lentihominibacter	0.2273	0.0357104825291181
g__Choladousia	g__Limivivens	0.2434	0.0450251748251748
g__Choladousia	g__Murimonas	0.239	0.0357104825291181
g__Choladousia	g__Oliverpabstia	0.2345	0.0450251748251748
g__Choladousia	g__Onthenecus	0.3306	0.0246123853211009
g__Choladousia	g__Pararoseburia	0.1908	0.0824756618274978
g__Choladousia	g__Ruminococcus_B	-0.2861	0.0246123853211009
g__Choladousia	g__Terrisporobacter	-0.2273	0.0529272503082614
g__Choladousia	g__Thomasclavelia	-0.3166	0.0246123853211009
g__Choladousia	g__UBA3402	0.1906	0.0714719314938154
g__Choladousia	g__Wujia	0.238	0.0529272503082614
g__Clostridium	g__Haemophilus_D	0.2591	0.0357104825291181
g__Clostridium	g__Hominicoprocola	-0.2432	0.0597494432071269
g__Clostridium	g__Intestinibacter	0.3594	0.0246123853211009
g__Clostridium	g__Nanosynbacter	0.2118	0.0824756618274978
g__Clostridium	g__Sarcina	0.2174	0.0450251748251748
g__Clostridium	g__Terrisporobacter	0.2614	0.0450251748251748
g__Clostridium	g__Turicibacter	0.3127	0.0246123853211009
g__Clostridium	g__Veillonella	0.2361	0.0529272503082614
g__Clostridium_A	g__Clostridium_AP	0.2096	0.0657
g__Clostridium_A	g__Dorea_A	-0.245	0.0357104825291181
g__Clostridium_A	g__Thomasclavelia	0.2378	0.0714719314938154
g__Clostridium_AP	g__Dorea_A	-0.2839	0.0246123853211009
g__Clostridium_AP	g__Eggerthella	0.2376	0.0450251748251748
g__Clostridium_AP	g__Eubacterium_I	-0.2754	0.0357104825291181
g__Clostridium_AP	g__Faecalimonas	0.2282	0.0529272503082614
g__Clostridium_AP	g__Flavonifractor	0.2641	0.0246123853211009
g__Clostridium_AP	g__Fusobacterium_A	0.206	0.0357104825291181
g__Clostridium_AP	g__Hominicoprocola	-0.1939	0.0983743315508021
g__Clostridium_AP	g__Hungatella	0.2824	0.0246123853211009
g__Clostridium_AP	g__JAGTTR01	-0.2448	0.0357104825291181
g__Clostridium_AP	g__Lachnoclostridium_B	-0.2937	0.0246123853211009
g__Clostridium_AP	g__Lactonifactor	0.202	0.0450251748251748
g__Clostridium_AP	g__Limivivens	-0.2893	0.0246123853211009
g__Clostridium_AP	g__Muricomes	0.1981	0.0529272503082614
g__Clostridium_AP	g__Murimonas	-0.2291	0.0357104825291181
g__Clostridium_AP	g__Oliverpabstia	-0.2357	0.0450251748251748
g__Clostridium_AP	g__Pediococcus	0.208	0.0597494432071269
g__Clostridium_AP	g__Peptostreptococcus	0.2054	0.0450251748251748
g__Clostridium_AP	g__Roseburia_D	-0.2152	0.0357104825291181
g__Clostridium_AP	g__Ruminococcus_B	0.3749	0.0246123853211009
g__Clostridium_AP	g__Sarcina	0.1711	0.0882483552631579
g__Clostridium_AP	g__Schaedlerella	0.1954	0.0767184986595174
g__Clostridium_AP	g__Sellimonas	0.263	0.0246123853211009
g__Clostridium_AP	g__Thomasclavelia	0.2973	0.0246123853211009
g__Collinsella	g__Dorea_A	0.2393	0.0824756618274978
g__Collinsella	g__Eggerthella	-0.2064	0.0983743315508021
g__Collinsella	g__Enterococcus_A	-0.2407	0.0450251748251748
g__Collinsella	g__Flavonifractor	-0.3488	0.0246123853211009
g__Collinsella	g__Gemmiger	0.2927	0.0246123853211009
g__Collinsella	g__Holdemanella	0.2249	0.0597494432071269
g__Collinsella	g__Hungatella	-0.2247	0.0657
g__Collinsella	g__Murimonas	0.2451	0.0450251748251748
g__Collinsella	g__Nanosynbacter	-0.2082	0.0983743315508021
g__Collinsella	g__Pediococcus	-0.2379	0.0714719314938154
g__Collinsella	g__Peptostreptococcus	-0.1884	0.0824756618274978
g__Collinsella	g__Ruminococcus_B	-0.2473	0.0529272503082614
g__Collinsella	g__Thomasclavelia	-0.2759	0.0357104825291181
g__Coprococcus_A	g__Dorea	0.4399	0.0246123853211009
g__Coprococcus_A	g__Dorea_A	0.3075	0.0246123853211009
g__Coprococcus_A	g__Eggerthella	-0.2364	0.0529272503082614
g__Coprococcus_A	g__Enterocloster	-0.2567	0.0529272503082614
g__Coprococcus_A	g__Enterococcus	-0.1779	0.0939816878980891
g__Coprococcus_A	g__Enterococcus_A	-0.2133	0.0357104825291181
g__Coprococcus_A	g__Eubacterium_I	0.3362	0.0246123853211009
g__Coprococcus_A	g__Faecalimonas	-0.3854	0.0246123853211009
g__Coprococcus_A	g__Flavonifractor	-0.3169	0.0246123853211009
g__Coprococcus_A	g__Fusobacterium_A	-0.1773	0.0939816878980891
g__Coprococcus_A	g__Gemmiger	0.4099	0.0246123853211009
g__Coprococcus_A	g__Granulicatella	-0.2352	0.0597494432071269
g__Coprococcus_A	g__Hominenteromicrobium	0.2556	0.0357104825291181
g__Coprococcus_A	g__Hominicoprocola	0.3572	0.0357104825291181
g__Coprococcus_A	g__Hominiventricola	0.2073	0.0714719314938154
g__Coprococcus_A	g__Hungatella	-0.2145	0.0597494432071269
g__Coprococcus_A	g__JAGTTR01	0.2228	0.0450251748251748
g__Coprococcus_A	g__Lachnoclostridium_B	0.2847	0.0246123853211009
g__Coprococcus_A	g__Lacticaseibacillus	-0.2625	0.0357104825291181
g__Coprococcus_A	g__Lentihominibacter	0.3088	0.0246123853211009
g__Coprococcus_A	g__Limivivens	0.2636	0.0357104825291181
g__Coprococcus_A	g__Longicatena	-0.235	0.0357104825291181
g__Coprococcus_A	g__Murimonas	0.2633	0.0357104825291181
g__Coprococcus_A	g__Oliverpabstia	0.2796	0.0246123853211009
g__Coprococcus_A	g__Pediococcus	-0.2045	0.0714719314938154
g__Coprococcus_A	g__Pseudoflavonifractor_A	-0.1834	0.0983743315508021
g__Coprococcus_A	g__Ruminococcus_B	-0.4011	0.0246123853211009
g__Coprococcus_A	g__Sellimonas	-0.4049	0.0246123853211009
g__Coprococcus_A	g__Streptococcus	-0.2197	0.0597494432071269
g__Coprococcus_A	g__Thomasclavelia	-0.3418	0.0246123853211009
g__Coprococcus_A	g__UBA3402	0.2003	0.0882483552631579
g__Dialister	g__Eggerthella	0.2507	0.0450251748251748
g__Dialister	g__Evtepia	-0.2012	0.0983743315508021
g__Dialister	g__Haemophilus_D	0.227	0.0657
g__Dialister	g__Intestinibacter	0.3074	0.0246123853211009
g__Dialister	g__Lachnoclostridium_B	-0.2484	0.0450251748251748
g__Dialister	g__Phascolarctobacterium	-0.3695	0.0246123853211009
g__Dialister	g__Thomasclavelia	0.2214	0.0714719314938154
g__Dialister	g__Turicibacter	0.222	0.0597494432071269
g__Dialister	g__Veillonella	0.2134	0.0714719314938154
g__Dorea	g__Dorea_A	0.4718	0.0246123853211009
g__Dorea	g__Enterocloster	-0.3144	0.0246123853211009
g__Dorea	g__Eubacterium_I	0.2809	0.0246123853211009
g__Dorea	g__Faecalimonas	-0.4758	0.0246123853211009
g__Dorea	g__Gemmiger	0.3305	0.0246123853211009
g__Dorea	g__Granulicatella	-0.2028	0.0529272503082614
g__Dorea	g__Hominicoprocola	0.2384	0.0714719314938154
g__Dorea	g__Intestinibacter	-0.2269	0.0824756618274978
g__Dorea	g__Lachnoclostridium_B	0.2384	0.0529272503082614
g__Dorea	g__Lacticaseibacillus	-0.2123	0.0657
g__Dorea	g__Lentihominibacter	0.2166	0.0767184986595174
g__Dorea	g__Limivivens	0.2859	0.0357104825291181
g__Dorea	g__Longicatena	-0.2187	0.0246123853211009
g__Dorea	g__Oliverpabstia	0.2861	0.0357104825291181
g__Dorea	g__Onthenecus	0.2111	0.0824756618274978
g__Dorea	g__Ruminococcus_B	-0.3109	0.0246123853211009
g__Dorea	g__Sellimonas	-0.382	0.0246123853211009
g__Dorea	g__Thomasclavelia	-0.3792	0.0246123853211009
g__Dorea	g__Veillonella	-0.2371	0.0767184986595174
g__Dorea_A	g__Eggerthella	-0.2302	0.0529272503082614
g__Dorea_A	g__Enterocloster	-0.2197	0.0824756618274978
g__Dorea_A	g__Enterococcus_A	-0.2024	0.0357104825291181
g__Dorea_A	g__Eubacterium_I	0.3511	0.0246123853211009
g__Dorea_A	g__Faecalimonas	-0.3199	0.0246123853211009
g__Dorea_A	g__Flavonifractor	-0.2853	0.0357104825291181
g__Dorea_A	g__Gemmiger	0.3367	0.0246123853211009
g__Dorea_A	g__Holdemanella	0.2366	0.0597494432071269
g__Dorea_A	g__Lactonifactor	-0.1852	0.0767184986595174
g__Dorea_A	g__Limivivens	0.312	0.0246123853211009
g__Dorea_A	g__Merdimonas	-0.1918	0.0767184986595174
g__Dorea_A	g__Murimonas	0.2416	0.0450251748251748
g__Dorea_A	g__Odoribacter	0.2041	0.0939816878980891
g__Dorea_A	g__Oliverpabstia	0.3042	0.0246123853211009
g__Dorea_A	g__Ruminococcus_B	-0.2558	0.0597494432071269
g__Dorea_A	g__Sellimonas	-0.2614	0.0357104825291181
g__Dorea_A	g__Thomasclavelia	-0.3329	0.0246123853211009
g__Dysosmobacter	g__Eubacterium_G	0.3053	0.0246123853211009
g__Dysosmobacter	g__Flavonifractor	0.2214	0.0767184986595174
g__Dysosmobacter	g__Fusobacterium_A	-0.2814	0.0246123853211009
g__Dysosmobacter	g__Hominiventricola	0.2374	0.0529272503082614
g__Dysosmobacter	g__Intestinibacter	-0.2403	0.0657
g__Dysosmobacter	g__Lachnospira	0.2466	0.0597494432071269
g__Dysosmobacter	g__Lawsonibacter	0.4236	0.0246123853211009
g__Dysosmobacter	g__Sarcina	-0.2157	0.0597494432071269
g__Dysosmobacter	g__Turicibacter	-0.2429	0.0597494432071269
g__Dysosmobacter	g__Vescimonas	0.2421	0.0714719314938154
g__Eggerthella	g__Enterococcus_A	0.2206	0.0450251748251748
g__Eggerthella	g__Faecalimonas	0.3298	0.0246123853211009
g__Eggerthella	g__Flavonifractor	0.3246	0.0246123853211009
g__Eggerthella	g__Fusobacterium_A	0.1829	0.0714719314938154
g__Eggerthella	g__Gemella	0.2491	0.0450251748251748
g__Eggerthella	g__Gemmiger	-0.286	0.0357104825291181
g__Eggerthella	g__Granulicatella	0.2207	0.0529272503082614
g__Eggerthella	g__Holdemanella	-0.2305	0.0657
g__Eggerthella	g__Holdemania	0.2006	0.0657
g__Eggerthella	g__Hominicoprocola	-0.3253	0.0246123853211009
g__Eggerthella	g__Hominifimenecus	-0.2106	0.0939816878980891
g__Eggerthella	g__Hominilimicola	-0.2051	0.0983743315508021
g__Eggerthella	g__Hungatella	0.2706	0.0246123853211009
g__Eggerthella	g__Lachnoclostridium_B	-0.2291	0.0767184986595174
g__Eggerthella	g__Lentihominibacter	-0.1996	0.0983743315508021
g__Eggerthella	g__Ligilactobacillus	0.2463	0.0357104825291181
g__Eggerthella	g__Limivivens	-0.2641	0.0529272503082614
g__Eggerthella	g__Longicatena	0.1965	0.0824756618274978
g__Eggerthella	g__Merdibacter	0.217	0.0597494432071269
g__Eggerthella	g__Muricomes	0.195	0.0939816878980891
g__Eggerthella	g__Murimonas	-0.3085	0.0246123853211009
g__Eggerthella	g__Oliverpabstia	-0.2831	0.0357104825291181
g__Eggerthella	g__Pediococcus	0.2796	0.0246123853211009
g__Eggerthella	g__Ruminococcus_B	0.4211	0.0246123853211009
g__Eggerthella	g__Sellimonas	0.2501	0.0597494432071269
g__Eggerthella	g__Streptococcus	0.3334	0.0246123853211009
g__Eggerthella	g__Terrisporobacter	0.2207	0.0714719314938154
g__Eggerthella	g__Thomasclavelia	0.4108	0.0246123853211009
g__Eggerthella	g__Veillonella	0.227	0.0714719314938154
g__Enterobacter	g__Enterococcus	0.1732	0.0450251748251748
g__Enterobacter	g__Klebsiella	0.3664	0.0246123853211009
g__Enterobacter	g__Murimonas	-0.1918	0.0983743315508021
g__Enterobacter	g__Pauljensenia	0.1865	0.0714719314938154
g__Enterocloster	g__Enterococcus_A	0.1696	0.0939816878980891
g__Enterocloster	g__Eubacterium_I	-0.2686	0.0246123853211009
g__Enterocloster	g__Faecalimonas	0.394	0.0246123853211009
g__Enterocloster	g__Flavonifractor	0.3065	0.0246123853211009
g__Enterocloster	g__Gemmiger	-0.3071	0.0357104825291181
g__Enterocloster	g__Holdemanella	-0.2613	0.0450251748251748
g__Enterocloster	g__Hominibacterium	-0.2573	0.0357104825291181
g__Enterocloster	g__Hominicoprocola	-0.2306	0.0882483552631579
g__Enterocloster	g__Hungatella	0.2661	0.0246123853211009
g__Enterocloster	g__Lentihominibacter	-0.2618	0.0246123853211009
g__Enterocloster	g__Limivivens	-0.2853	0.0246123853211009
g__Enterocloster	g__Oliverpabstia	-0.2397	0.0529272503082614
g__Enterocloster	g__Onthenecus	-0.2827	0.0357104825291181
g__Enterocloster	g__Otoolea	0.4547	0.0246123853211009
g__Enterocloster	g__Phascolarctobacterium	0.2181	0.0714719314938154
g__Enterocloster	g__Ruminococcus_B	0.3549	0.0246123853211009
g__Enterocloster	g__Sutterella	0.2563	0.0450251748251748
g__Enterocloster	g__Thomasclavelia	0.4096	0.0246123853211009
g__Enterocloster	g__Veillonella	0.2633	0.0246123853211009
g__Enterococcus	g__Faecalimonas	0.1781	0.0983743315508021
g__Enterococcus	g__Finegoldia	0.1744	0.0529272503082614
g__Enterococcus	g__Fusobacterium_A	0.1856	0.0529272503082614
g__Enterococcus	g__Klebsiella	0.1833	0.0767184986595174
g__Enterococcus	g__Limivivens	-0.1556	0.0882483552631579
g__Enterococcus	g__Massilioclostridium	0.166	0.0357104825291181
g__Enterococcus	g__Pauljensenia	0.178	0.0714719314938154
g__Enterococcus	g__Ruminococcus_B	0.2526	0.0246123853211009
g__Enterococcus_A	g__Faecalimonas	0.3206	0.0246123853211009
g__Enterococcus_A	g__Finegoldia	0.1631	0.0767184986595174
g__Enterococcus_A	g__Flavonifractor	0.2935	0.0246123853211009
g__Enterococcus_A	g__Fusicatenibacter	-0.1794	0.0714719314938154
g__Enterococcus_A	g__Fusobacterium_A	0.2771	0.0246123853211009
g__Enterococcus_A	g__Gallintestinimicrobium	-0.1897	0.0657
g__Enterococcus_A	g__Gemmiger	-0.3202	0.0246123853211009
g__Enterococcus_A	g__Hominicoprocola	-0.2329	0.0246123853211009
g__Enterococcus_A	g__Intestinibacter	0.2106	0.0357104825291181
g__Enterococcus_A	g__Klebsiella	0.1825	0.0597494432071269
g__Enterococcus_A	g__Lacticaseibacillus	0.2396	0.0246123853211009
g__Enterococcus_A	g__Lactobacillus	0.217	0.0357104825291181
g__Enterococcus_A	g__Lentihominibacter	-0.1715	0.0714719314938154
g__Enterococcus_A	g__Limivivens	-0.202	0.0597494432071269
g__Enterococcus_A	g__Limosilactobacillus	0.1781	0.0824756618274978
g__Enterococcus_A	g__Murimonas	-0.2145	0.0246123853211009
g__Enterococcus_A	g__Odoribacter	-0.1783	0.0529272503082614
g__Enterococcus_A	g__Pediococcus	0.21	0.0714719314938154
g__Enterococcus_A	g__Peptostreptococcus	0.231	0.0246123853211009
g__Enterococcus_A	g__Pseudoflavonifractor_A	0.1879	0.0450251748251748
g__Enterococcus_A	g__Ruminococcus_B	0.3633	0.0246123853211009
g__Enterococcus_A	g__Thomasclavelia	0.3167	0.0246123853211009
g__Enterococcus_A	g__Vescimonas	-0.2405	0.0246123853211009
g__Enterococcus_B	g__Faecalimonas	0.2089	0.0597494432071269
g__Enterococcus_B	g__Finegoldia	0.1569	0.0767184986595174
g__Enterococcus_B	g__Intestinibacter	0.2334	0.0657
g__Enterococcus_B	g__Klebsiella	0.2442	0.0657
g__Enterococcus_B	g__Lactiplantibacillus	0.1812	0.0714719314938154
g__Enterococcus_B	g__Limosilactobacillus	0.1849	0.0767184986595174
g__Enterococcus_B	g__Mediterraneibacter	-0.2196	0.0939816878980891
g__Eubacterium_F	g__Evtepia	0.2023	0.0597494432071269
g__Eubacterium_F	g__Flavonifractor	-0.2119	0.0597494432071269
g__Eubacterium_F	g__Hominimerdicola	0.2273	0.0450251748251748
g__Eubacterium_F	g__Lentihominibacter	0.1924	0.0882483552631579
g__Eubacterium_F	g__Ruminiclostridium_E	0.2001	0.0529272503082614
g__Eubacterium_F	g__Wujia	0.355	0.0246123853211009
g__Eubacterium_G	g__Faecalimonas	-0.2246	0.0714719314938154
g__Eubacterium_G	g__Fusobacterium_A	-0.2015	0.0450251748251748
g__Eubacterium_G	g__Gemmiger	0.2828	0.0246123853211009
g__Eubacterium_G	g__Hungatella	-0.2044	0.0597494432071269
g__Eubacterium_G	g__Lancefieldella	-0.2188	0.0357104825291181
g__Eubacterium_G	g__Nanosynbacter	-0.1812	0.0983743315508021
g__Eubacterium_G	g__Sarcina	-0.1793	0.0939816878980891
g__Eubacterium_G	g__Veillonella	-0.2193	0.0939816878980891
g__Eubacterium_G	g__Vescimonas	0.2145	0.0824756618274978
g__Eubacterium_I	g__Faecalimonas	-0.2469	0.0246123853211009
g__Eubacterium_I	g__Fusobacterium_A	-0.1603	0.0983743315508021
g__Eubacterium_I	g__Gallintestinimicrobium	0.2346	0.0597494432071269
g__Eubacterium_I	g__Gemella	-0.1957	0.0824756618274978
g__Eubacterium_I	g__Gemmiger	0.2309	0.0597494432071269
g__Eubacterium_I	g__Hominicoprocola	0.3644	0.0246123853211009
g__Eubacterium_I	g__Lacticaseibacillus	-0.2139	0.0529272503082614
g__Eubacterium_I	g__Limivivens	0.3036	0.0246123853211009
g__Eubacterium_I	g__Merdibacter	-0.1705	0.0882483552631579
g__Eubacterium_I	g__Murimonas	0.3093	0.0246123853211009
g__Eubacterium_I	g__Roseburia	0.2196	0.0824756618274978
g__Eubacterium_I	g__Ruminococcus_B	-0.2781	0.0450251748251748
g__Eubacterium_I	g__Thomasclavelia	-0.3099	0.0246123853211009
g__Evtepia	g__Faecalimonas	-0.2152	0.0824756618274978
g__Evtepia	g__Gemmiger	0.2693	0.0246123853211009
g__Evtepia	g__Haemophilus_D	-0.1942	0.0983743315508021
g__Evtepia	g__Hominenteromicrobium	0.2482	0.0450251748251748
g__Evtepia	g__Hominibacterium	0.209	0.0824756618274978
g__Evtepia	g__Hominicoprocola	0.2528	0.0529272503082614
g__Evtepia	g__Hominiventricola	0.2103	0.0939816878980891
g__Evtepia	g__Intestinibacter	-0.3102	0.0450251748251748
g__Evtepia	g__Lentihominibacter	0.333	0.0246123853211009
g__Evtepia	g__Murimonas	0.2064	0.0767184986595174
g__Evtepia	g__Nanosynbacter	-0.2192	0.0597494432071269
g__Evtepia	g__Pediococcus	-0.1875	0.0939816878980891
g__Evtepia	g__Streptococcus	-0.2199	0.0767184986595174
g__Evtepia	g__Veillonella	-0.2476	0.0529272503082614
g__Evtepia	g__Wujia	0.1897	0.0714719314938154
g__Faecalibacterium	g__Haemophilus_D	0.2481	0.0529272503082614
g__Faecalibacterium	g__Merdimmobilis	-0.2262	0.0529272503082614
g__Faecalibacterium	g__Merdivicinus	-0.2123	0.0939816878980891
g__Faecalibacterium	g__Schaedlerella	-0.2439	0.0529272503082614
g__Faecalibacterium	g__Veillonella	0.3392	0.0246123853211009
g__Faecalimonas	g__Finegoldia	0.2057	0.0450251748251748
g__Faecalimonas	g__Flavonifractor	0.4044	0.0246123853211009
g__Faecalimonas	g__Fusobacterium_A	0.2869	0.0246123853211009
g__Faecalimonas	g__Gallintestinimicrobium	-0.2275	0.0714719314938154
g__Faecalimonas	g__Gemella	0.291	0.0246123853211009
g__Faecalimonas	g__Gemmiger	-0.5297	0.0246123853211009
g__Faecalimonas	g__Granulicatella	0.31	0.0246123853211009
g__Faecalimonas	g__Haemophilus_D	0.2729	0.0357104825291181
g__Faecalimonas	g__Hominenteromicrobium	-0.2544	0.0450251748251748
g__Faecalimonas	g__Hominicoprocola	-0.3882	0.0246123853211009
g__Faecalimonas	g__Hominilimicola	-0.2353	0.0714719314938154
g__Faecalimonas	g__Hominiventricola	-0.2569	0.0357104825291181
g__Faecalimonas	g__Hungatella	0.3173	0.0246123853211009
g__Faecalimonas	g__Intestinibacter	0.3581	0.0246123853211009
g__Faecalimonas	g__Lachnoclostridium_B	-0.3168	0.0357104825291181
g__Faecalimonas	g__Lacticaseibacillus	0.377	0.0246123853211009
g__Faecalimonas	g__Lactiplantibacillus	0.1869	0.0597494432071269
g__Faecalimonas	g__Lactobacillus	0.2263	0.0246123853211009
g__Faecalimonas	g__Lancefieldella	0.1939	0.0357104825291181
g__Faecalimonas	g__Lentihominibacter	-0.2661	0.0246123853211009
g__Faecalimonas	g__Leuconostoc	0.2204	0.0529272503082614
g__Faecalimonas	g__Ligilactobacillus	0.2132	0.0529272503082614
g__Faecalimonas	g__Limivivens	-0.3683	0.0246123853211009
g__Faecalimonas	g__Limosilactobacillus	0.2067	0.0529272503082614
g__Faecalimonas	g__Longicatena	0.3506	0.0246123853211009
g__Faecalimonas	g__Massilioclostridium	0.1827	0.0597494432071269
g__Faecalimonas	g__Merdimmobilis	0.1885	0.0824756618274978
g__Faecalimonas	g__Murimonas	-0.2688	0.0246123853211009
g__Faecalimonas	g__Nanosynbacter	0.3449	0.0246123853211009
g__Faecalimonas	g__Oliverpabstia	-0.2327	0.0597494432071269
g__Faecalimonas	g__Onthenecus	-0.225	0.0529272503082614
g__Faecalimonas	g__Pediococcus	0.2347	0.0357104825291181
g__Faecalimonas	g__Peptostreptococcus	0.2615	0.0357104825291181
g__Faecalimonas	g__Pseudoflavonifractor_A	0.218	0.0246123853211009
g__Faecalimonas	g__Rothia	0.2505	0.0246123853211009
g__Faecalimonas	g__Ruminococcus_B	0.6383	0.0246123853211009
g__Faecalimonas	g__Sarcina	0.2868	0.0246123853211009
g__Faecalimonas	g__Streptococcus	0.2597	0.0450251748251748
g__Faecalimonas	g__Thomasclavelia	0.5403	0.0246123853211009
g__Faecalimonas	g__Veillonella	0.4071	0.0246123853211009
g__Faecalimonas	g__Vescimonas	-0.3788	0.0246123853211009
g__Faecousia	g__Roseburia_D	0.2976	0.0357104825291181
g__Finegoldia	g__Flavonifractor	0.1649	0.0597494432071269
g__Finegoldia	g__Fusicatenibacter	-0.1744	0.0657
g__Finegoldia	g__Fusobacterium_A	0.2246	0.0246123853211009
g__Finegoldia	g__Gemmiger	-0.1678	0.0824756618274978
g__Finegoldia	g__Hominicoprocola	-0.1666	0.0714719314938154
g__Finegoldia	g__Intestinibacter	0.1794	0.0657
g__Finegoldia	g__Klebsiella	0.1622	0.0882483552631579
g__Finegoldia	g__Limivivens	-0.165	0.0939816878980891
g__Finegoldia	g__Limosilactobacillus	0.1477	0.0882483552631579
g__Finegoldia	g__Mediterraneibacter	-0.1857	0.0767184986595174
g__Finegoldia	g__Murimonas	-0.2016	0.0246123853211009
g__Finegoldia	g__Onthenecus	-0.1517	0.0882483552631579
g__Finegoldia	g__Peptostreptococcus	0.2011	0.0246123853211009
g__Finegoldia	g__Ruminococcus_B	0.2539	0.0357104825291181
g__Finegoldia	g__Sarcina	0.1562	0.0824756618274978
g__Finegoldia	g__Thomasclavelia	0.1859	0.0767184986595174
g__Finegoldia	g__Veillonella	0.1458	0.0983743315508021
g__Finegoldia	g__Vescimonas	-0.2245	0.0246123853211009
g__Flavonifractor	g__Fusicatenibacter	-0.2187	0.0983743315508021
g__Flavonifractor	g__Fusobacterium_A	0.1944	0.0357104825291181
g__Flavonifractor	g__Gemmiger	-0.4561	0.0246123853211009
g__Flavonifractor	g__Granulicatella	0.1897	0.0882483552631579
g__Flavonifractor	g__Hominenteromicrobium	-0.2158	0.0714719314938154
g__Flavonifractor	g__Hominicoprocola	-0.3331	0.0246123853211009
g__Flavonifractor	g__Hungatella	0.3572	0.0246123853211009
g__Flavonifractor	g__Intestinibacter	0.2198	0.0983743315508021
g__Flavonifractor	g__JAGTTR01	-0.2712	0.0246123853211009
g__Flavonifractor	g__Lacticaseibacillus	0.2299	0.0357104825291181
g__Flavonifractor	g__Lactobacillus	0.2243	0.0246123853211009
g__Flavonifractor	g__Lentihominibacter	-0.3251	0.0246123853211009
g__Flavonifractor	g__Limivivens	-0.2368	0.0450251748251748
g__Flavonifractor	g__Longicatena	0.2058	0.0529272503082614
g__Flavonifractor	g__Merdibacter	0.1745	0.0983743315508021
g__Flavonifractor	g__Merdimmobilis	0.2018	0.0983743315508021
g__Flavonifractor	g__Murimonas	-0.2915	0.0357104825291181
g__Flavonifractor	g__Odoribacter	-0.2492	0.0246123853211009
g__Flavonifractor	g__Oliverpabstia	-0.2598	0.0450251748251748
g__Flavonifractor	g__Onthenecus	-0.2682	0.0246123853211009
g__Flavonifractor	g__Pediococcus	0.2983	0.0246123853211009
g__Flavonifractor	g__Peptostreptococcus	0.2248	0.0529272503082614
g__Flavonifractor	g__Pseudoflavonifractor_A	0.2802	0.0246123853211009
g__Flavonifractor	g__Roseburia_D	-0.1919	0.0983743315508021
g__Flavonifractor	g__Ruminococcus_B	0.5597	0.0246123853211009
g__Flavonifractor	g__Ruminococcus_E	-0.268	0.0450251748251748
g__Flavonifractor	g__Sarcina	0.2868	0.0246123853211009
g__Flavonifractor	g__Sellimonas	0.2604	0.0357104825291181
g__Flavonifractor	g__Thomasclavelia	0.4417	0.0246123853211009
g__Flavonifractor	g__Veillonella	0.237	0.0767184986595174
g__Flavonifractor	g__Wujia	-0.2375	0.0597494432071269
g__Fusicatenibacter	g__Fusobacterium_A	-0.178	0.0824756618274978
g__Fusicatenibacter	g__Hominilimicola	0.2867	0.0357104825291181
g__Fusicatenibacter	g__Lacticaseibacillus	-0.2671	0.0246123853211009
g__Fusicatenibacter	g__Lawsonibacter	0.2272	0.0824756618274978
g__Fusicatenibacter	g__Limosilactobacillus	-0.2347	0.0357104825291181
g__Fusicatenibacter	g__Mediterraneibacter	0.2388	0.0450251748251748
g__Fusicatenibacter	g__Merdibacter	-0.2151	0.0529272503082614
g__Fusicatenibacter	g__Pediococcus	-0.2417	0.0767184986595174
g__Fusicatenibacter	g__Peptostreptococcus	-0.1802	0.0824756618274978
g__Fusobacterium_A	g__Gemella	0.171	0.0657
g__Fusobacterium_A	g__Gemmiger	-0.2622	0.0246123853211009
g__Fusobacterium_A	g__Haemophilus_D	0.1987	0.0597494432071269
g__Fusobacterium_A	g__Hominicoprocola	-0.273	0.0246123853211009
g__Fusobacterium_A	g__Intestinibacter	0.2163	0.0450251748251748
g__Fusobacterium_A	g__Lancefieldella	0.1631	0.0450251748251748
g__Fusobacterium_A	g__Limivivens	-0.2008	0.0714719314938154
g__Fusobacterium_A	g__Limosilactobacillus	0.1687	0.0357104825291181
g__Fusobacterium_A	g__Longicatena	0.1637	0.0824756618274978
g__Fusobacterium_A	g__Murimonas	-0.2361	0.0357104825291181
g__Fusobacterium_A	g__Pediococcus	0.1667	0.0882483552631579
g__Fusobacterium_A	g__Peptostreptococcus	0.3206	0.0246123853211009
g__Fusobacterium_A	g__Rothia	0.1759	0.0357104825291181
g__Fusobacterium_A	g__Ruminococcus_B	0.3301	0.0246123853211009
g__Fusobacterium_A	g__Sarcina	0.1862	0.0529272503082614
g__Fusobacterium_A	g__Thomasclavelia	0.2662	0.0246123853211009
g__Fusobacterium_A	g__Veillonella	0.2201	0.0246123853211009
g__Fusobacterium_A	g__Vescimonas	-0.2769	0.0246123853211009
g__Gallintestinimicrobium	g__Gemmiger	0.259	0.0529272503082614
g__Gallintestinimicrobium	g__Hominicoprocola	0.2519	0.0357104825291181
g__Gallintestinimicrobium	g__Hominilimicola	0.3394	0.0246123853211009
g__Gallintestinimicrobium	g__Hominimerdicola	0.2626	0.0450251748251748
g__Gallintestinimicrobium	g__Hominiventricola	0.2452	0.0450251748251748
g__Gallintestinimicrobium	g__Hungatella	-0.2083	0.0597494432071269
g__Gallintestinimicrobium	g__Lacticaseibacillus	-0.1784	0.0983743315508021
g__Gallintestinimicrobium	g__Lactobacillus	-0.2182	0.0357104825291181
g__Gallintestinimicrobium	g__Lancefieldella	-0.1844	0.0657
g__Gallintestinimicrobium	g__Ligilactobacillus	-0.2007	0.0529272503082614
g__Gallintestinimicrobium	g__Limivivens	0.2547	0.0529272503082614
g__Gallintestinimicrobium	g__Merdibacter	-0.1936	0.0983743315508021
g__Gallintestinimicrobium	g__Onthenecus	0.2044	0.0882483552631579
g__Gallintestinimicrobium	g__Pediococcus	-0.2085	0.0657
g__Gallintestinimicrobium	g__Roseburia	0.2251	0.0450251748251748
g__Gallintestinimicrobium	g__Ruminococcus_B	-0.2347	0.0450251748251748
g__Gallintestinimicrobium	g__Thomasclavelia	-0.2214	0.0714719314938154
g__Gallintestinimicrobium	g__UBA3402	0.2185	0.0529272503082614
g__Gallintestinimicrobium	g__Vescimonas	0.2194	0.0714719314938154
g__Gemella	g__Gemmiger	-0.2182	0.0597494432071269
g__Gemella	g__Granulicatella	0.3068	0.0246123853211009
g__Gemella	g__Hominicoprocola	-0.2807	0.0357104825291181
g__Gemella	g__Hominiventricola	-0.1923	0.0767184986595174
g__Gemella	g__Lachnoclostridium_B	-0.2017	0.0657
g__Gemella	g__Lentihominibacter	-0.2227	0.0357104825291181
g__Gemella	g__Merdimmobilis	0.18	0.0824756618274978
g__Gemella	g__Murimonas	-0.176	0.0882483552631579
g__Gemella	g__Rothia	0.2469	0.0357104825291181
g__Gemella	g__Ruminococcus_B	0.3303	0.0246123853211009
g__Gemella	g__Sellimonas	0.2327	0.0597494432071269
g__Gemella	g__Streptococcus	0.2869	0.0246123853211009
g__Gemella	g__Thomasclavelia	0.2987	0.0246123853211009
g__Gemmiger	g__Granulicatella	-0.3139	0.0246123853211009
g__Gemmiger	g__Haemophilus_D	-0.2161	0.0939816878980891
g__Gemmiger	g__Hominicoprocola	0.281	0.0246123853211009
g__Gemmiger	g__Hominilimicola	0.4051	0.0246123853211009
g__Gemmiger	g__Hominiventricola	0.2539	0.0246123853211009
g__Gemmiger	g__Hungatella	-0.2373	0.0357104825291181
g__Gemmiger	g__Lachnoclostridium_B	0.2945	0.0246123853211009
g__Gemmiger	g__Lacticaseibacillus	-0.3192	0.0246123853211009
g__Gemmiger	g__Lactiplantibacillus	-0.2135	0.0529272503082614
g__Gemmiger	g__Lactobacillus	-0.2676	0.0246123853211009
g__Gemmiger	g__Lancefieldella	-0.1709	0.0529272503082614
g__Gemmiger	g__Lentihominibacter	0.3403	0.0246123853211009
g__Gemmiger	g__Ligilactobacillus	-0.2177	0.0714719314938154
g__Gemmiger	g__Limivivens	0.2752	0.0450251748251748
g__Gemmiger	g__Limosilactobacillus	-0.2181	0.0597494432071269
g__Gemmiger	g__Longicatena	-0.33	0.0246123853211009
g__Gemmiger	g__Massilioclostridium	-0.1721	0.0824756618274978
g__Gemmiger	g__Merdimmobilis	-0.2197	0.0767184986595174
g__Gemmiger	g__Murimonas	0.286	0.0246123853211009
g__Gemmiger	g__Nanosynbacter	-0.2943	0.0246123853211009
g__Gemmiger	g__Pediococcus	-0.3132	0.0246123853211009
g__Gemmiger	g__Peptostreptococcus	-0.2641	0.0246123853211009
g__Gemmiger	g__Pseudoflavonifractor_A	-0.1748	0.0983743315508021
g__Gemmiger	g__Ruminococcus_B	-0.4739	0.0246123853211009
g__Gemmiger	g__Ruminococcus_E	0.2291	0.0824756618274978
g__Gemmiger	g__Sarcina	-0.1945	0.0767184986595174
g__Gemmiger	g__Streptococcus	-0.2258	0.0939816878980891
g__Gemmiger	g__Thomasclavelia	-0.451	0.0246123853211009
g__Gemmiger	g__Veillonella	-0.3291	0.0246123853211009
g__Gemmiger	g__Vescimonas	0.3308	0.0246123853211009
g__Gordonibacter	g__Roseburia_D	0.2437	0.0357104825291181
g__Granulicatella	g__Hominicoprocola	-0.1994	0.0657
g__Granulicatella	g__Hominifimenecus	-0.1864	0.0939816878980891
g__Granulicatella	g__Hominiventricola	-0.2258	0.0529272503082614
g__Granulicatella	g__Longicatena	0.2168	0.0450251748251748
g__Granulicatella	g__Roseburia_D	-0.218	0.0529272503082614
g__Granulicatella	g__Rothia	0.2042	0.0597494432071269
g__Granulicatella	g__Ruminococcus_B	0.3554	0.0246123853211009
g__Granulicatella	g__Streptococcus	0.3558	0.0246123853211009
g__Granulicatella	g__Thomasclavelia	0.2859	0.0357104825291181
g__Granulicatella	g__Veillonella	0.3058	0.0246123853211009
g__Guopingia	g__Hominibacterium	0.3205	0.0246123853211009
g__Guopingia	g__Roseburia_D	0.2304	0.0357104825291181
g__Guopingia	g__Ruminococcus_E	0.2106	0.0529272503082614
g__Guopingia	g__Veillonella	-0.2015	0.0824756618274978
g__Haemophilus_D	g__Hominibacterium	-0.2645	0.0450251748251748
g__Haemophilus_D	g__Hominicoprocola	-0.2116	0.0939816878980891
g__Haemophilus_D	g__Hominilimicola	-0.2352	0.0657
g__Haemophilus_D	g__Hominiventricola	-0.213	0.0597494432071269
g__Haemophilus_D	g__Lachnoclostridium_B	-0.334	0.0246123853211009
g__Haemophilus_D	g__Lacticaseibacillus	0.3124	0.0246123853211009
g__Haemophilus_D	g__Lactiplantibacillus	0.2176	0.0597494432071269
g__Haemophilus_D	g__Lentihominibacter	-0.2603	0.0357104825291181
g__Haemophilus_D	g__Limosilactobacillus	0.1867	0.0714719314938154
g__Haemophilus_D	g__Nanosynbacter	0.3526	0.0246123853211009
g__Haemophilus_D	g__Rothia	0.2674	0.0357104825291181
g__Haemophilus_D	g__Ruminococcus_B	0.3131	0.0357104825291181
g__Haemophilus_D	g__Sarcina	0.2578	0.0246123853211009
g__Haemophilus_D	g__Streptococcus	0.3321	0.0246123853211009
g__Haemophilus_D	g__Turicibacter	0.275	0.0450251748251748
g__Haemophilus_D	g__Veillonella	0.621	0.0246123853211009
g__Holdemanella	g__Hominicoprocola	0.229	0.0657
g__Holdemanella	g__Intestinibacter	-0.2745	0.0357104825291181
g__Holdemanella	g__Lentihominibacter	0.3078	0.0246123853211009
g__Holdemanella	g__Megamonas	0.2152	0.0767184986595174
g__Holdemanella	g__Murimonas	0.2574	0.0246123853211009
g__Holdemanella	g__Prevotella	0.2358	0.0357104825291181
g__Holdemanella	g__Thomasclavelia	-0.2872	0.0246123853211009
g__Hominenteromicrobium	g__Hominibacterium	0.2175	0.0597494432071269
g__Hominenteromicrobium	g__Hominicoprocola	0.289	0.0246123853211009
g__Hominenteromicrobium	g__Intestinibacter	-0.2163	0.0657
g__Hominenteromicrobium	g__JAGTTR01	0.2012	0.0597494432071269
g__Hominenteromicrobium	g__Lachnoclostridium_B	0.2726	0.0246123853211009
g__Hominenteromicrobium	g__Lentihominibacter	0.336	0.0246123853211009
g__Hominenteromicrobium	g__Onthenecus	0.2555	0.0357104825291181
g__Hominenteromicrobium	g__Turicibacter	-0.2303	0.0714719314938154
g__Hominenteromicrobium	g__Vescimonas	0.2215	0.0767184986595174
g__Hominibacterium	g__Lachnospira	-0.3123	0.0246123853211009
g__Hominibacterium	g__Lentihominibacter	0.2785	0.0246123853211009
g__Hominibacterium	g__Merdivicinus	0.3263	0.0246123853211009
g__Hominibacterium	g__Murimonas	0.2527	0.0246123853211009
g__Hominibacterium	g__Ruthenibacterium	0.2196	0.0824756618274978
g__Hominibacterium	g__Sutterella	-0.2411	0.0246123853211009
g__Hominibacterium	g__Veillonella	-0.2511	0.0246123853211009
g__Hominicoprocola	g__Hominifimenecus	0.2641	0.0246123853211009
g__Hominicoprocola	g__Hominiventricola	0.3183	0.0246123853211009
g__Hominicoprocola	g__Hungatella	-0.254	0.0357104825291181
g__Hominicoprocola	g__Intestinibacter	-0.3282	0.0450251748251748
g__Hominicoprocola	g__JAGTTR01	0.3541	0.0246123853211009
g__Hominicoprocola	g__Lachnoclostridium_B	0.3016	0.0246123853211009
g__Hominicoprocola	g__Lacticaseibacillus	-0.2822	0.0246123853211009
g__Hominicoprocola	g__Lactiplantibacillus	-0.2218	0.0450251748251748
g__Hominicoprocola	g__Lancefieldella	-0.2183	0.0246123853211009
g__Hominicoprocola	g__Lentihominibacter	0.3944	0.0246123853211009
g__Hominicoprocola	g__Limivivens	0.3385	0.0246123853211009
g__Hominicoprocola	g__Longicatena	-0.2347	0.0246123853211009
g__Hominicoprocola	g__Murimonas	0.4124	0.0246123853211009
g__Hominicoprocola	g__Nanosynbacter	-0.1985	0.0597494432071269
g__Hominicoprocola	g__Onthenecus	0.2762	0.0246123853211009
g__Hominicoprocola	g__Pediococcus	-0.2268	0.0450251748251748
g__Hominicoprocola	g__Pseudoflavonifractor_A	-0.2836	0.0246123853211009
g__Hominicoprocola	g__Roseburia_D	0.2069	0.0657
g__Hominicoprocola	g__Ruminococcus_B	-0.4218	0.0246123853211009
g__Hominicoprocola	g__Ruminococcus_E	0.2346	0.0657
g__Hominicoprocola	g__Sarcina	-0.2155	0.0529272503082614
g__Hominicoprocola	g__Sellimonas	-0.3164	0.0246123853211009
g__Hominicoprocola	g__Streptococcus	-0.2812	0.0357104825291181
g__Hominicoprocola	g__Terrisporobacter	-0.2756	0.0246123853211009
g__Hominicoprocola	g__Thomasclavelia	-0.3568	0.0246123853211009
g__Hominicoprocola	g__UBA3402	0.2582	0.0246123853211009
g__Hominicoprocola	g__Veillonella	-0.2337	0.0714719314938154
g__Hominicoprocola	g__Vescimonas	0.4246	0.0246123853211009
g__Hominifimenecus	g__Hominiventricola	0.2131	0.0657
g__Hominifimenecus	g__JAGTTR01	0.2203	0.0450251748251748
g__Hominifimenecus	g__Sellimonas	-0.1925	0.0939816878980891
g__Hominifimenecus	g__Wujia	0.2137	0.0450251748251748
g__Hominilimicola	g__Hominiventricola	0.2434	0.0450251748251748
g__Hominilimicola	g__Lachnoclostridium_B	0.2435	0.0357104825291181
g__Hominilimicola	g__Lacticaseibacillus	-0.2381	0.0529272503082614
g__Hominilimicola	g__Lactobacillus	-0.1807	0.0767184986595174
g__Hominilimicola	g__Nanosynbacter	-0.2634	0.0450251748251748
g__Hominilimicola	g__Pediococcus	-0.1987	0.0714719314938154
g__Hominilimicola	g__Streptococcus	-0.2749	0.0450251748251748
g__Hominilimicola	g__Veillonella	-0.2576	0.0450251748251748
g__Hominilimicola	g__Vescimonas	0.3151	0.0246123853211009
g__Hominimerdicola	g__Mediterraneibacter	-0.2241	0.0767184986595174
g__Hominimerdicola	g__Pararoseburia	0.2165	0.0529272503082614
g__Hominiventricola	g__Intestinibacter	-0.1953	0.0824756618274978
g__Hominiventricola	g__JAGTTR01	0.2073	0.0657
g__Hominiventricola	g__Lacticaseibacillus	-0.2473	0.0357104825291181
g__Hominiventricola	g__Lactobacillus	-0.1831	0.0597494432071269
g__Hominiventricola	g__Lawsonibacter	0.2125	0.0657
g__Hominiventricola	g__Lentihominibacter	0.2144	0.0529272503082614
g__Hominiventricola	g__Longicatena	-0.2336	0.0357104825291181
g__Hominiventricola	g__Nanosynbacter	-0.2654	0.0246123853211009
g__Hominiventricola	g__Phascolarctobacterium	0.2341	0.0450251748251748
g__Hominiventricola	g__Pseudoscilispira	0.1904	0.0983743315508021
g__Hominiventricola	g__Ruminococcus_B	-0.302	0.0246123853211009
g__Hominiventricola	g__Streptococcus	-0.2783	0.0246123853211009
g__Hominiventricola	g__Terrisporobacter	-0.2307	0.0450251748251748
g__Hominiventricola	g__Thomasclavelia	-0.2392	0.0657
g__Hominiventricola	g__Veillonella	-0.2054	0.0983743315508021
g__Hominiventricola	g__Vescimonas	0.3363	0.0246123853211009
g__Hominiventricola	g__Wujia	0.2563	0.0246123853211009
g__Hungatella	g__JAGTTR01	-0.1977	0.0529272503082614
g__Hungatella	g__Lancefieldella	0.1629	0.0597494432071269
g__Hungatella	g__Lentihominibacter	-0.2046	0.0597494432071269
g__Hungatella	g__Ligilactobacillus	0.2008	0.0357104825291181
g__Hungatella	g__Limivivens	-0.2192	0.0529272503082614
g__Hungatella	g__Longicatena	0.1898	0.0597494432071269
g__Hungatella	g__Merdibacter	0.206	0.0529272503082614
g__Hungatella	g__Muricomes	0.1972	0.0450251748251748
g__Hungatella	g__Nanosynbacter	0.1847	0.0939816878980891
g__Hungatella	g__Oliverpabstia	-0.2073	0.0767184986595174
g__Hungatella	g__Pediococcus	0.2366	0.0357104825291181
g__Hungatella	g__Ruminococcus_B	0.4071	0.0246123853211009
g__Hungatella	g__Ruthenibacterium	0.1954	0.0767184986595174
g__Hungatella	g__Sellimonas	0.2161	0.0714719314938154
g__Hungatella	g__Thomasclavelia	0.3543	0.0246123853211009
g__Hungatella	g__Veillonella	0.2239	0.0450251748251748
g__Intestinibacter	g__Lachnoclostridium_B	-0.2582	0.0357104825291181
g__Intestinibacter	g__Lacticaseibacillus	0.2511	0.0246123853211009
g__Intestinibacter	g__Lentihominibacter	-0.2673	0.0246123853211009
g__Intestinibacter	g__Limivivens	-0.222	0.0939816878980891
g__Intestinibacter	g__Murimonas	-0.2861	0.0246123853211009
g__Intestinibacter	g__Nanosynbacter	0.2317	0.0450251748251748
g__Intestinibacter	g__Peptostreptococcus	0.2252	0.0450251748251748
g__Intestinibacter	g__Ruminococcus_B	0.3314	0.0246123853211009
g__Intestinibacter	g__Terrisporobacter	0.3424	0.0246123853211009
g__Intestinibacter	g__Thomasclavelia	0.3358	0.0246123853211009
g__Intestinibacter	g__Turicibacter	0.3312	0.0246123853211009
g__Intestinibacter	g__Veillonella	0.2733	0.0450251748251748
g__Intestinibacter	g__Vescimonas	-0.2055	0.0939816878980891
g__JAGTTR01	g__Lachnoclostridium_B	0.1904	0.0882483552631579
g__JAGTTR01	g__Lentihominibacter	0.1937	0.0767184986595174
g__JAGTTR01	g__Limivivens	0.195	0.0529272503082614
g__JAGTTR01	g__Murimonas	0.2278	0.0246123853211009
g__JAGTTR01	g__Onthenecus	0.205	0.0529272503082614
g__JAGTTR01	g__Pseudoflavonifractor_A	-0.1478	0.0882483552631579
g__JAGTTR01	g__Ruminococcus_B	-0.2232	0.0657
g__JAGTTR01	g__Ruminococcus_E	0.1993	0.0597494432071269
g__JAGTTR01	g__Sellimonas	-0.2169	0.0597494432071269
g__JAGTTR01	g__Streptococcus	-0.2251	0.0767184986595174
g__JAGTTR01	g__UBA3402	0.1761	0.0714719314938154
g__JAGTTR01	g__Veillonella	-0.1994	0.0767184986595174
g__Klebsiella	g__Murimonas	-0.2193	0.0714719314938154
g__Klebsiella	g__Pauljensenia	0.2043	0.0450251748251748
g__Klebsiella	g__Ruminococcus_B	0.2407	0.0450251748251748
g__Klebsiella	g__Schaedlerella	0.2147	0.0657
g__Lachnoclostridium_B	g__Lentihominibacter	0.316	0.0246123853211009
g__Lachnoclostridium_B	g__Ligilactobacillus	-0.194	0.0767184986595174
g__Lachnoclostridium_B	g__Limivivens	0.3468	0.0246123853211009
g__Lachnoclostridium_B	g__Longicatena	-0.2242	0.0246123853211009
g__Lachnoclostridium_B	g__Murimonas	0.2324	0.0714719314938154
g__Lachnoclostridium_B	g__Nanosynbacter	-0.2393	0.0246123853211009
g__Lachnoclostridium_B	g__Oliverpabstia	0.2494	0.0450251748251748
g__Lachnoclostridium_B	g__Pseudoflavonifractor_A	-0.1783	0.0767184986595174
g__Lachnoclostridium_B	g__Ruminococcus_B	-0.3137	0.0246123853211009
g__Lachnoclostridium_B	g__Streptococcus	-0.2339	0.0767184986595174
g__Lachnoclostridium_B	g__Thomasclavelia	-0.2185	0.0767184986595174
g__Lachnoclostridium_B	g__Veillonella	-0.2656	0.0450251748251748
g__Lachnospira	g__Lentihominibacter	-0.2841	0.0246123853211009
g__Lachnospira	g__Roseburia	0.3579	0.0246123853211009
g__Lachnospira	g__Sutterella	0.2421	0.0597494432071269
g__Lacticaseibacillus	g__Lactiplantibacillus	0.3054	0.0246123853211009
g__Lacticaseibacillus	g__Lactobacillus	0.2677	0.0246123853211009
g__Lacticaseibacillus	g__Lentihominibacter	-0.1897	0.0882483552631579
g__Lacticaseibacillus	g__Limosilactobacillus	0.3583	0.0246123853211009
g__Lacticaseibacillus	g__Mediterraneibacter	-0.2137	0.0882483552631579
g__Lacticaseibacillus	g__Murimonas	-0.2417	0.0246123853211009
g__Lacticaseibacillus	g__Nanosynbacter	0.2685	0.0246123853211009
g__Lacticaseibacillus	g__Pediococcus	0.3057	0.0246123853211009
g__Lacticaseibacillus	g__Roseburia	-0.2491	0.0246123853211009
g__Lacticaseibacillus	g__Rothia	0.2533	0.0357104825291181
g__Lacticaseibacillus	g__Ruminococcus_B	0.3802	0.0246123853211009
g__Lacticaseibacillus	g__Streptococcus	0.275	0.0246123853211009
g__Lacticaseibacillus	g__Thomasclavelia	0.3188	0.0246123853211009
g__Lacticaseibacillus	g__Turicibacter	0.2117	0.0657
g__Lacticaseibacillus	g__Veillonella	0.3782	0.0246123853211009
g__Lacticaseibacillus	g__Vescimonas	-0.2539	0.0357104825291181
g__Lactiplantibacillus	g__Lactococcus	0.2081	0.0450251748251748
g__Lactiplantibacillus	g__Limosilactobacillus	0.199	0.0597494432071269
g__Lactiplantibacillus	g__Murimonas	-0.1901	0.0983743315508021
g__Lactiplantibacillus	g__Nanosynbacter	0.2025	0.0450251748251748
g__Lactiplantibacillus	g__Rothia	0.1724	0.0983743315508021
g__Lactiplantibacillus	g__Ruminococcus_B	0.2316	0.0357104825291181
g__Lactiplantibacillus	g__Thomasclavelia	0.1975	0.0882483552631579
g__Lactiplantibacillus	g__Veillonella	0.2526	0.0246123853211009
g__Lactobacillus	g__Ligilactobacillus	0.1897	0.0597494432071269
g__Lactobacillus	g__Limosilactobacillus	0.2739	0.0246123853211009
g__Lactobacillus	g__Mediterraneibacter	-0.1866	0.0767184986595174
g__Lactobacillus	g__Nanosynbacter	0.201	0.0450251748251748
g__Lactobacillus	g__Pauljensenia	0.1701	0.0983743315508021
g__Lactobacillus	g__Pediococcus	0.3347	0.0246123853211009
g__Lactobacillus	g__Roseburia	-0.196	0.0597494432071269
g__Lactobacillus	g__Ruminococcus_B	0.2637	0.0246123853211009
g__Lactobacillus	g__Streptococcus	0.1939	0.0824756618274978
g__Lactobacillus	g__Thomasclavelia	0.2034	0.0246123853211009
g__Lactobacillus	g__Veillonella	0.2175	0.0597494432071269
g__Lactococcus	g__Ligilactobacillus	0.2095	0.0597494432071269
g__Lactococcus	g__Rothia	0.1972	0.0657
g__Lactococcus	g__Ruminococcus_B	0.1927	0.0939816878980891
g__Lactococcus	g__Weissella	0.2955	0.0246123853211009
g__Lactonifactor	g__Merdivicinus	0.2083	0.0357104825291181
g__Lactonifactor	g__Murimonas	-0.1949	0.0824756618274978
g__Lactonifactor	g__Ruthenibacterium	0.1849	0.0939816878980891
g__Lactonifactor	g__Thomasclavelia	0.2541	0.0357104825291181
g__Lancefieldella	g__Limivivens	-0.1585	0.0882483552631579
g__Lancefieldella	g__Limosilactobacillus	0.1526	0.0939816878980891
g__Lancefieldella	g__Longicatena	0.1735	0.0450251748251748
g__Lancefieldella	g__Massilioclostridium	0.1622	0.0450251748251748
g__Lancefieldella	g__Murimonas	-0.1724	0.0767184986595174
g__Lancefieldella	g__Nanosynbacter	0.1651	0.0767184986595174
g__Lancefieldella	g__Pauljensenia	0.1906	0.0357104825291181
g__Lancefieldella	g__Pediococcus	0.195	0.0450251748251748
g__Lancefieldella	g__Phocaeicola	-0.1867	0.0529272503082614
g__Lancefieldella	g__Ruminococcus_B	0.1992	0.0357104825291181
g__Lancefieldella	g__Streptococcus	0.1966	0.0714719314938154
g__Lancefieldella	g__Thomasclavelia	0.2083	0.0246123853211009
g__Lancefieldella	g__Veillonella	0.1851	0.0597494432071269
g__Lancefieldella	g__Vescimonas	-0.2078	0.0357104825291181
g__Latilactobacillus	g__Streptococcus	0.2226	0.0597494432071269
g__Latilactobacillus	g__Tyzzerella	0.1874	0.0939816878980891
g__Latilactobacillus	g__Weissella	0.409	0.0246123853211009
g__Lawsonibacter	g__Otoolea	0.2807	0.0246123853211009
g__Lawsonibacter	g__Turicibacter	-0.2259	0.0657
g__Lawsonibacter	g__Veillonella	-0.2145	0.0824756618274978
g__Lentihominibacter	g__Limivivens	0.2206	0.0714719314938154
g__Lentihominibacter	g__Murimonas	0.3406	0.0246123853211009
g__Lentihominibacter	g__Nanosynbacter	-0.2585	0.0450251748251748
g__Lentihominibacter	g__Onthenecus	0.2779	0.0246123853211009
g__Lentihominibacter	g__Paraprevotella	0.2428	0.0357104825291181
g__Lentihominibacter	g__Ruminococcus_B	-0.2238	0.0529272503082614
g__Lentihominibacter	g__Sellimonas	-0.2908	0.0357104825291181
g__Lentihominibacter	g__Thomasclavelia	-0.2733	0.0357104825291181
g__Lentihominibacter	g__Veillonella	-0.2288	0.0357104825291181
g__Leuconostoc	g__Longicatena	0.1848	0.0983743315508021
g__Leuconostoc	g__Mediterraneibacter	-0.3174	0.0246123853211009
g__Leuconostoc	g__Ruminococcus_B	0.2099	0.0657
g__Leuconostoc	g__Veillonella	0.2175	0.0657
g__Leuconostoc	g__Weissella	0.2674	0.0246123853211009
g__Ligilactobacillus	g__Limosilactobacillus	0.2792	0.0246123853211009
g__Ligilactobacillus	g__Nanosynbacter	0.2341	0.0246123853211009
g__Ligilactobacillus	g__Pediococcus	0.1795	0.0939816878980891
g__Ligilactobacillus	g__Ruminococcus_B	0.2484	0.0529272503082614
g__Ligilactobacillus	g__Streptococcus	0.2954	0.0246123853211009
g__Ligilactobacillus	g__Veillonella	0.2314	0.0450251748251748
g__Limivivens	g__Merdimonas	-0.2045	0.0597494432071269
g__Limivivens	g__Murimonas	0.4138	0.0246123853211009
g__Limivivens	g__Oliverpabstia	0.2789	0.0246123853211009
g__Limivivens	g__Onthenecus	0.2027	0.0824756618274978
g__Limivivens	g__Peptostreptococcus	-0.1867	0.0882483552631579
g__Limivivens	g__Pseudoflavonifractor_A	-0.204	0.0450251748251748
g__Limivivens	g__Ruminococcus_B	-0.4091	0.0246123853211009
g__Limivivens	g__Thomasclavelia	-0.2878	0.0246123853211009
g__Limivivens	g__Vescimonas	0.2662	0.0246123853211009
g__Limosilactobacillus	g__Mediterraneibacter	-0.2072	0.0657
g__Limosilactobacillus	g__Nanosynbacter	0.2662	0.0246123853211009
g__Limosilactobacillus	g__Pediococcus	0.3515	0.0246123853211009
g__Limosilactobacillus	g__Rothia	0.1744	0.0529272503082614
g__Limosilactobacillus	g__Ruminococcus_B	0.2048	0.0597494432071269
g__Limosilactobacillus	g__Streptococcus	0.2656	0.0597494432071269
g__Limosilactobacillus	g__Thomasclavelia	0.1857	0.0882483552631579
g__Limosilactobacillus	g__Veillonella	0.285	0.0246123853211009
g__Longicatena	g__Merdivicinus	0.1965	0.0450251748251748
g__Longicatena	g__Murimonas	-0.2224	0.0357104825291181
g__Longicatena	g__Pseudoflavonifractor_A	0.1572	0.0824756618274978
g__Longicatena	g__Ruminococcus_B	0.3011	0.0246123853211009
g__Longicatena	g__Schaedlerella	0.1792	0.0767184986595174
g__Longicatena	g__Thomasclavelia	0.3243	0.0246123853211009
g__Massilioclostridium	g__Merdibacter	0.2134	0.0246123853211009
g__Massilioclostridium	g__Pediococcus	0.2155	0.0246123853211009
g__Massilioclostridium	g__Pseudoflavonifractor_A	0.141	0.0939816878980891
g__Massilioclostridium	g__Thomasclavelia	0.1717	0.0657
g__Megamonas	g__Pseudoflavonifractor_A	0.1754	0.0824756618274978
g__Megamonas	g__URXU01	0.4766	0.0246123853211009
g__Merdibacter	g__Pediococcus	0.3189	0.0246123853211009
g__Merdibacter	g__Phocaeicola	-0.1989	0.0767184986595174
g__Merdibacter	g__Ruminococcus_B	0.1862	0.0597494432071269
g__Merdibacter	g__Sellimonas	0.1787	0.0714719314938154
g__Merdimmobilis	g__Pseudoscilispira	0.2526	0.0246123853211009
g__Merdimmobilis	g__Roseburia_D	-0.1849	0.0882483552631579
g__Merdimonas	g__Vescimonas	-0.2203	0.0714719314938154
g__Merdivicinus	g__Phocaeicola	-0.2174	0.0657
g__Merdivicinus	g__Ruthenibacterium	0.2489	0.0357104825291181
g__Merdivicinus	g__Sutterella	-0.1974	0.0597494432071269
g__Muricomes	g__Ruthenibacterium	0.1866	0.0824756618274978
g__Muricomes	g__Thomasclavelia	0.2131	0.0246123853211009
g__Murimonas	g__Nanosynbacter	-0.2208	0.0529272503082614
g__Murimonas	g__Oliverpabstia	0.2818	0.0246123853211009
g__Murimonas	g__Onthenecus	0.3172	0.0246123853211009
g__Murimonas	g__Pediococcus	-0.2348	0.0529272503082614
g__Murimonas	g__Peptostreptococcus	-0.1736	0.0939816878980891
g__Murimonas	g__Pseudoflavonifractor_A	-0.215	0.0357104825291181
g__Murimonas	g__Roseburia_D	0.2121	0.0767184986595174
g__Murimonas	g__Ruminococcus_B	-0.3161	0.0246123853211009
g__Murimonas	g__Sarcina	-0.1756	0.0939816878980891
g__Murimonas	g__Sellimonas	-0.2264	0.0529272503082614
g__Murimonas	g__Streptococcus	-0.2832	0.0357104825291181
g__Murimonas	g__Thomasclavelia	-0.3124	0.0246123853211009
g__Murimonas	g__UBA3402	0.2022	0.0767184986595174
g__Murimonas	g__Veillonella	-0.2803	0.0450251748251748
g__Murimonas	g__Vescimonas	0.3376	0.0246123853211009
g__Nanosynbacter	g__Pediococcus	0.2154	0.0529272503082614
g__Nanosynbacter	g__Ruminococcus_B	0.3207	0.0246123853211009
g__Nanosynbacter	g__Sarcina	0.2408	0.0246123853211009
g__Nanosynbacter	g__Streptococcus	0.3179	0.0357104825291181
g__Nanosynbacter	g__Thomasclavelia	0.3221	0.0246123853211009
g__Nanosynbacter	g__Veillonella	0.4769	0.0246123853211009
g__Nanosynbacter	g__Vescimonas	-0.2568	0.0357104825291181
g__Negativibacillus	g__Pseudobutyricicoccus	0.1996	0.0657
g__Negativibacillus	g__Roseburia	0.221	0.0767184986595174
g__Negativibacillus	g__Weissella	-0.2044	0.0983743315508021
g__Odoribacter	g__Pararoseburia	0.1914	0.0882483552631579
g__Odoribacter	g__Thomasclavelia	-0.3183	0.0246123853211009
g__Oliverpabstia	g__Ruminococcus_B	-0.3211	0.0246123853211009
g__Oliverpabstia	g__Thomasclavelia	-0.2679	0.0357104825291181
g__Onthenecus	g__Ruminococcus_B	-0.2729	0.0246123853211009
g__Onthenecus	g__Sellimonas	-0.2561	0.0246123853211009
g__Onthenecus	g__Thomasclavelia	-0.2273	0.0597494432071269
g__Parabacteroides	g__Phocaeicola	0.3729	0.0246123853211009
g__Parabacteroides	g__Sutterella	0.2385	0.0529272503082614
g__Pauljensenia	g__Phocaeicola	-0.2049	0.0767184986595174
g__Pauljensenia	g__Streptococcus	0.2419	0.0357104825291181
g__Pediococcus	g__Phocaeicola	-0.2681	0.0357104825291181
g__Pediococcus	g__Ruminococcus_B	0.3108	0.0246123853211009
g__Pediococcus	g__Streptococcus	0.2069	0.0657
g__Pediococcus	g__Thomasclavelia	0.2445	0.0246123853211009
g__Pediococcus	g__Veillonella	0.1989	0.0983743315508021
g__Pediococcus	g__Vescimonas	-0.2345	0.0357104825291181
g__Peptostreptococcus	g__Ruminococcus_B	0.3281	0.0246123853211009
g__Peptostreptococcus	g__Ruminococcus_E	-0.2082	0.0529272503082614
g__Peptostreptococcus	g__Sarcina	0.2074	0.0357104825291181
g__Peptostreptococcus	g__Thomasclavelia	0.2606	0.0357104825291181
g__Peptostreptococcus	g__Vescimonas	-0.1897	0.0882483552631579
g__Phascolarctobacterium	g__Phocaeicola	0.2673	0.0450251748251748
g__Phascolarctobacterium	g__Pseudoscilispira	0.1865	0.0882483552631579
g__Phocaeicola	g__Sutterella	0.2991	0.0246123853211009
g__Pseudoflavonifractor_A	g__Roseburia_D	-0.1906	0.0657
g__Pseudoflavonifractor_A	g__Ruminococcus_B	0.2736	0.0246123853211009
g__Pseudoflavonifractor_A	g__Thomasclavelia	0.2495	0.0246123853211009
g__Pseudoflavonifractor_A	g__Vescimonas	-0.1796	0.0767184986595174
g__Pseudoscilispira	g__Vescimonas	0.1802	0.0939816878980891
g__Roseburia_D	g__Ruminococcus_B	-0.3278	0.0246123853211009
g__Roseburia_D	g__Ruminococcus_E	0.233	0.0529272503082614
g__Roseburia_D	g__Wujia	0.1933	0.0882483552631579
g__Rothia	g__Ruminococcus_B	0.2358	0.0450251748251748
g__Rothia	g__Streptococcus	0.4249	0.0246123853211009
g__Rothia	g__Veillonella	0.3308	0.0246123853211009
g__Ruminiclostridium_E	g__Wujia	0.2089	0.0450251748251748
g__Ruminococcus_B	g__Ruminococcus_E	-0.2601	0.0450251748251748
g__Ruminococcus_B	g__Sarcina	0.2966	0.0246123853211009
g__Ruminococcus_B	g__Schaedlerella	0.218	0.0824756618274978
g__Ruminococcus_B	g__Sellimonas	0.2923	0.0246123853211009
g__Ruminococcus_B	g__Streptococcus	0.3159	0.0246123853211009
g__Ruminococcus_B	g__Thomasclavelia	0.6033	0.0246123853211009
g__Ruminococcus_B	g__Veillonella	0.43	0.0246123853211009
g__Ruminococcus_B	g__Vescimonas	-0.317	0.0246123853211009
g__Ruminococcus_E	g__Sarcina	-0.1948	0.0597494432071269
g__Ruthenibacterium	g__URXU01	-0.2109	0.0714719314938154
g__Sarcina	g__Thomasclavelia	0.2053	0.0657
g__Sarcina	g__Veillonella	0.2758	0.0246123853211009
g__Sarcina	g__Vescimonas	-0.1779	0.0767184986595174
g__Sellimonas	g__Streptococcus	0.2123	0.0939816878980891
g__Sellimonas	g__Thomasclavelia	0.2735	0.0246123853211009
g__Sellimonas	g__UBA3402	-0.2093	0.0657
g__Sellimonas	g__Vescimonas	-0.2092	0.0824756618274978
g__Streptococcus	g__Thomasclavelia	0.2417	0.0657
g__Streptococcus	g__Veillonella	0.4908	0.0246123853211009
g__Streptococcus	g__Weissella	0.2164	0.0767184986595174
g__Streptococcus	g__Wujia	-0.2061	0.0983743315508021
g__Terrisporobacter	g__Turicibacter	0.3148	0.0246123853211009
g__Terrisporobacter	g__UBA3402	-0.2109	0.0714719314938154
g__Thomasclavelia	g__Veillonella	0.3306	0.0246123853211009
g__Turicibacter	g__Veillonella	0.2003	0.0939816878980891
g__UBA3402	g__Vescimonas	0.256	0.0246123853211009
g__Veillonella	g__Vescimonas	-0.2523	0.0357104825291181
