#SampleID	faith_pd
CT1	12.21656114039512
CT10	19.05275359501861
CT11	14.79380816213343
CT12	17.3039883092798
CT13	23.31516926886344
CT14	16.46082594513636
CT15	19.72402840627593
CT16	18.11983906480578
CT17	16.26832523550932
CT18	18.92749354460239
CT19	21.41715939855392
CT2	18.66583337391848
CT20	15.4941704128223
CT21	13.52912822257315
CT22	14.49867834836003
CT23	17.81076683350907
CT24	18.79599618161058
CT25	12.10311015789666
CT26	22.32278254899921
CT27	15.65198357049396
CT28	16.2398464946452
CT29	12.5030466936039
CT3	12.51802717827544
CT30	18.3436875172064
CT31	18.37034875754106
CT32	17.41265406555709
CT33	19.02588589817734
CT34	18.55065901115861
CT35	17.27251386061223
CT36	17.32288219831754
CT37	19.61893963046976
CT38	16.30289961606931
CT39	13.76450667757548
CT4	18.7049891119489
CT40	15.3105732331285
CT41	14.62052838920491
CT42	19.83221025687533
CT43	23.77371575463205
CT44	17.95220405902013
CT45	16.17965980276229
CT46	21.42716728138257
CT47	16.83989641892041
CT48	12.78570833758979
CT49	14.99098583377747
CT5	13.9441520322195
CT50	9.517853722417856
CT51	15.34531160036415
CT52	19.94532387011018
CT53	19.83365905792787
CT54	12.14578241468592
CT55	8.483182800154452
CT56	9.475045378754194
CT57	12.87200889812618
CT6	14.48732841242114
CT7	16.13432473572152
CT8	15.844733256304
CT9	18.37892010392387
PD1	14.79443738478485
PD10	5.658095135615881
PD100	12.52005481491164
PD101	19.78240438959572
PD102	14.45571975720269
PD103	19.21817515653136
PD104	13.81592045252839
PD105	19.32802337548917
PD106	15.83746114458728
PD107	14.02009987907292
PD108	11.66950059599938
PD109	13.95687269659529
PD11	14.53213027394365
PD110	11.1484621421916
PD111	12.86706003396493
PD112	14.90410318760059
PD113	22.14429142992683
PD114	12.373708819573
PD115	13.12956686546248
PD116	6.252095264616623
PD117	15.70001219827654
PD118	18.03904322860721
PD119	9.387243527540312
PD12	8.3426809281451
PD120	15.3294028406146
PD121	10.62001610923684
PD122	12.03703159865579
PD123	10.97111355466869
PD124	7.734157633185591
PD125	11.84281980291629
PD126	19.12045145782481
PD127	11.76224113754219
PD128	15.27546818839302
PD129	13.27670833077261
PD13	9.548478498802346
PD130	12.19864064135697
PD131	15.87587337307457
PD132	12.98490634843001
PD133	7.998548926539145
PD134	12.36064707796989
PD135	10.50679545730423
PD136	9.363975913413615
PD137	11.77174805881196
PD138	9.77106678621343
PD139	11.3804375400699
PD14	11.13589215056684
PD140	10.29141554720482
PD141	18.61252585115133
PD142	8.16294293341741
PD143	12.36101048019532
PD144	10.92884177727741
PD145	9.260713017884322
PD146	14.51458610494413
PD147	12.90392159818005
PD148	11.61620318089876
PD149	9.033125741994571
PD15	14.35351554179077
PD150	10.38599150308916
PD151	7.462714236646203
PD152	8.341488623011927
PD153	11.21680966544108
PD154	10.18560416052983
PD155	11.64312485327103
PD156	14.08451601890397
PD157	11.05644466048624
PD158	12.98857415980773
PD159	10.46259295727743
PD16	11.09744674021791
PD160	10.95259132154446
PD161	11.62109251898956
PD162	9.867738022210249
PD163	12.49094904238678
PD164	12.27363459090481
PD165	9.952697185045308
PD166	25.30018577224584
PD167	10.12617579074827
PD168	14.9099327224936
PD169	11.51450341656377
PD17	12.06733902367025
PD170	15.4001864239014
PD171	11.28146818648641
PD172	12.53939918392152
PD173	8.081741481833324
PD174	13.79147069159382
PD175	11.13345017446985
PD176	15.1916442416673
PD177	11.92095014562842
PD178	11.25674246331915
PD179	14.19258912936658
PD18	16.48237304392688
PD180	11.50735855974915
PD181	10.35498093806497
PD182	10.30841952471335
PD183	6.686163311398595
PD184	23.78137119072624
PD185	14.05161412698923
PD186	13.43892744676335
PD187	9.718048294014464
PD188	10.57511284474009
PD189	10.00515070886336
PD19	10.1018052224599
PD190	15.72385345099543
PD191	8.397276206448264
PD192	12.63289098930722
PD193	10.34463789658731
PD194	9.822829998518275
PD195	11.5329719502863
PD196	22.31225785777705
PD197	11.27519827842536
PD198	21.24440750491901
PD199	13.17358292546773
PD2	13.43818499097312
PD20	10.38870735625917
PD200	11.09360222567956
PD201	12.60567014991073
PD202	16.22880593013943
PD203	9.085606598851395
PD204	10.18543786474726
PD205	11.84752879932073
PD206	9.152474167149579
PD207	13.06125082862038
PD208	10.7183773889913
PD209	8.969171073911784
PD21	9.809109989784098
PD210	9.090763499431286
PD211	10.47834878425285
PD212	16.92786427152159
PD213	10.89664607289733
PD214	9.598556736544719
PD215	13.27916799222524
PD216	11.10062349332783
PD217	10.81013328368333
PD218	16.41048023684354
PD219	10.13842945079075
PD220	13.8246739131875
PD221	12.52213661650657
PD222	16.31880022417421
PD223	15.40262454480775
PD224	13.71399207311918
PD225	9.731595827872724
PD226	6.396625500270472
PD227	13.61509809915551
PD228	15.06268133421681
PD229	12.90514216615593
PD23	9.376529551086938
PD230	11.70434502438147
PD231	17.17463198498676
PD232	12.92539639329473
PD233	17.30788186541069
PD234	13.63112317200083
PD235	11.09512304046623
PD236	11.15449244036622
PD237	16.67462893227047
PD238	18.24760466145756
PD239	13.45754509628638
PD24	12.91527474294091
PD240	13.34196746775383
PD241	9.695787728362465
PD242	9.536510728604426
PD243	14.8855272286842
PD244	11.12173508440876
PD245	9.889786026898065
PD246	15.89120702160118
PD247	10.71583317097726
PD248	10.39276547892413
PD249	12.44670192951924
PD25	9.830715138716059
PD250	15.67473904704913
PD251	9.09067267884587
PD252	10.42557442819382
PD253	8.860933870200279
PD254	11.40497463440884
PD255	12.04048717576478
PD256	14.56294608812313
PD257	11.13755492030538
PD258	11.11224992843969
PD259	13.31659436208621
PD26	11.67443307682884
PD260	13.20097153393773
PD261	10.04453688986072
PD27	9.701860270821806
PD28	10.99776499823005
PD29	9.487160863151329
PD3	9.363917423210747
PD30	25.13394569832593
PD31	11.76548029183727
PD32	7.582716141872167
PD33	10.46018426418772
PD34	12.98132093373556
PD35	11.41054935863541
PD36	7.461889556380028
PD37	8.930590872384345
PD38	11.66070922984222
PD39	18.83544676396474
PD4	11.63287281136411
PD40	13.1445232733284
PD41	4.088116558576836
PD42	11.23873500873422
PD43	11.57861199518492
PD44	8.378309589287149
PD45	23.15689236732794
PD46	16.46587931856923
PD47	18.46861093003808
PD48	10.74772810796127
PD49	12.81582569259663
PD5	16.40078766743214
PD50	5.857892043856822
PD51	12.67230451279532
PD52	10.0620377460225
PD53	12.49682642026508
PD54	10.5895229246542
PD55	7.685171867371922
PD56	12.06922060563322
PD57	11.71293731276444
PD58	11.23013979222758
PD59	13.24400952261153
PD6	11.71975415018777
PD60	11.08829020557555
PD61	11.73177483617033
PD62	8.006494965925691
PD63	12.29279031211319
PD64	13.324212077903
PD65	15.29995379207093
PD66	22.80763431218748
PD67	11.43404869262591
PD68	9.679292434862631
PD69	17.19778157231648
PD7	12.3727240293819
PD70	13.53255741371801
PD71	19.12283069333019
PD72	12.86008262230621
PD73	11.52818587430131
PD74	10.75075328955428
PD75	14.53910252945872
PD76	11.41522116060347
PD77	11.96118465657356
PD78	12.83519116043748
PD79	12.21942537069846
PD8	10.88936763662002
PD80	22.93770984495731
PD81	14.04483838179952
PD82	7.209108262632052
PD83	10.4789272250865
PD84	11.39089653020548
PD85	12.42616582959549
PD86	13.6551717997786
PD87	15.3479515040742
PD88	10.0748743676065
PD89	14.0310551456097
PD9	9.057754464154453
PD90	8.191914286361991
PD91	10.80458673564677
PD92	13.83432723678208
PD93	20.68049331711978
PD94	9.508755093152605
PD95	7.762867976235112
PD96	6.407249727402322
PD97	12.16225962840898
PD98	10.76312766853107
PD99	15.20150478853455
PV1	11.24815902771844
PV10	13.28698207829288
PV100	9.840237476936929
PV101	12.19998207499106
PV102	10.5252066033102
PV103	14.60999322576116
PV104	9.754877022019766
PV105	12.71095911404235
PV106	13.86370843854961
PV107	12.47738780619509
PV108	14.56994114783803
PV109	11.18425116831742
PV11	13.92248079912375
PV110	13.60892761300632
PV111	17.88528566633958
PV112	14.65111224106862
PV113	10.83079338739885
PV114	14.44029711765922
PV115	15.25591761415209
PV116	13.86864187745999
PV117	16.15516851706738
PV118	14.81899265362416
PV119	11.42122832702274
PV12	16.38644756721617
PV120	15.1287922132939
PV121	19.79852118459213
PV122	22.17847814007251
PV123	13.63564518674805
PV124	15.26721123946077
PV125	15.6392769582454
PV126	11.82394233722185
PV127	18.2320103841573
PV128	12.59048356764342
PV129	16.11570680067901
PV13	12.6958054711271
PV130	13.03265048625886
PV131	11.24538085322619
PV132	13.91321997474557
PV133	11.47942800447784
PV134	12.61972535560108
PV135	13.0393511746638
PV136	12.60160661365713
PV137	11.39092876738367
PV138	18.47354303199707
PV139	12.012982482496
PV14	19.26892352904294
PV140	19.53659691372248
PV141	13.90855505662843
PV142	17.58278437030789
PV143	22.49811465490587
PV144	16.21401606129011
PV145	20.56692219872373
PV146	19.31458031347223
PV147	16.35177781964231
PV148	14.15190091032635
PV149	9.442096416072369
PV15	19.48686254335921
PV150	14.00558346648421
PV151	12.20587740064932
PV152	16.99421899593079
PV153	12.27923975188762
PV154	13.76981055950023
PV155	18.98652563936276
PV156	15.75198266699933
PV157	12.05963328414035
PV158	16.13632473680018
PV159	11.30850349004898
PV16	8.679054317831596
PV160	15.80997300688835
PV161	15.90738584336745
PV162	16.77359317717737
PV163	14.57179892591351
PV164	16.59860161133568
PV165	15.74972204187825
PV166	14.21143878855677
PV17	10.75458699373257
PV18	10.52073845226312
PV19	11.27570748040097
PV2	15.89671699055808
PV20	12.85084836134752
PV21	17.34985594320148
PV22	17.82542920189534
PV23	12.94814354583719
PV24	14.28659018662915
PV25	11.47681492561281
PV26	15.36012270915368
PV27	12.63662458921177
PV28	13.71445657689561
PV29	13.24340949903702
PV3	15.95266945680215
PV30	12.637688514271
PV31	15.33436426035273
PV32	13.76853247940094
PV33	11.5289535848193
PV34	10.56401983214532
PV35	17.99654194358759
PV36	14.69722351906251
PV37	14.31159259325105
PV38	12.99181608633313
PV39	15.11753007285225
PV4	14.12536005098104
PV40	11.06292559573646
PV41	18.29320158987578
PV42	12.71029508596742
PV43	12.80425514193101
PV44	11.17025160233594
PV45	10.27887726979511
PV46	14.43211146003832
PV47	12.98505470188213
PV48	19.24780979373533
PV49	18.49537848313022
PV5	19.72282227967401
PV50	14.50110702513143
PV51	10.57986097650475
PV52	15.76146485782192
PV53	16.35527259198386
PV54	18.76623440806571
PV55	12.71381441550759
PV56	11.08786227984029
PV57	14.14682483724832
PV58	15.80319603276483
PV59	14.13869444451576
PV6	21.0910503772196
PV60	21.57505871388135
PV61	16.61146556026682
PV62	19.86810900386272
PV63	15.63165900211651
PV64	13.67339667158067
PV65	13.3722398618772
PV66	11.2239936886815
PV67	14.99907681955048
PV68	11.02657735399441
PV69	11.11030003073246
PV7	11.2696776430717
PV70	18.18445122344253
PV71	19.32093788383315
PV72	15.51786073503819
PV73	15.5238300817387
PV74	14.50386313592176
PV75	12.01758362016118
PV76	14.28653905502777
PV77	14.60870313222957
PV78	12.00037499722424
PV79	12.73837010960972
PV8	13.3170449434703
PV80	19.35643764962899
PV81	11.21354182974694
PV82	14.5429952570628
PV83	18.79760953412163
PV84	13.6422674872092
PV85	9.373580676539339
PV86	20.2959548279979
PV87	16.53891056493073
PV88	12.94859161030878
PV89	16.13250750164723
PV9	10.19427569569557
PV90	11.80383434702882
PV91	7.765021243996369
PV92	13.22928560882732
PV93	14.13253371825256
PV94	11.30351634715774
PV95	10.60270198013146
PV96	15.9667964379126
PV97	11.35701905772427
PV98	13.16418129130659
PV99	13.28931305419573
