	observed_features
CT1	124
CT10	221
CT11	165
CT12	199
CT13	263
CT14	211
CT15	279
CT16	253
CT17	188
CT18	242
CT19	270
CT2	206
CT20	204
CT21	140
CT22	204
CT23	245
CT24	249
CT25	157
CT26	259
CT27	168
CT28	189
CT29	144
CT3	134
CT30	220
CT31	259
CT32	214
CT33	228
CT34	232
CT35	218
CT36	223
CT37	276
CT38	218
CT39	149
CT4	183
CT40	161
CT41	139
CT42	279
CT43	307
CT44	225
CT45	163
CT46	233
CT47	187
CT48	144
CT49	207
CT5	145
CT50	78
CT51	146
CT52	241
CT53	235
CT54	107
CT55	83
CT56	79
CT57	126
CT6	140
CT7	198
CT8	206
CT9	234
PD1	210
PD10	49
PD100	137
PD101	268
PD102	195
PD103	253
PD104	154
PD105	279
PD106	224
PD107	148
PD108	139
PD109	180
PD11	169
PD110	101
PD111	152
PD112	155
PD113	315
PD114	130
PD115	156
PD116	64
PD117	149
PD118	258
PD119	112
PD12	94
PD120	175
PD121	128
PD122	163
PD123	109
PD124	85
PD125	129
PD126	236
PD127	129
PD128	169
PD129	175
PD13	100
PD130	97
PD131	217
PD132	141
PD133	75
PD134	134
PD135	115
PD136	101
PD137	130
PD138	67
PD139	93
PD14	118
PD140	58
PD141	218
PD142	57
PD143	143
PD144	117
PD145	81
PD146	158
PD147	124
PD148	120
PD149	97
PD15	191
PD150	103
PD151	63
PD152	77
PD153	124
PD154	76
PD155	128
PD156	159
PD157	133
PD158	158
PD159	96
PD16	117
PD160	143
PD161	135
PD162	98
PD163	108
PD164	135
PD165	79
PD166	325
PD167	79
PD168	198
PD169	133
PD17	143
PD170	165
PD171	103
PD172	146
PD173	66
PD174	148
PD175	102
PD176	159
PD177	161
PD178	111
PD179	185
PD18	176
PD180	126
PD181	97
PD182	69
PD183	93
PD184	321
PD185	131
PD186	151
PD187	79
PD188	100
PD189	107
PD19	114
PD190	159
PD191	63
PD192	125
PD193	108
PD194	71
PD195	111
PD196	240
PD197	120
PD198	254
PD199	136
PD2	185
PD20	103
PD200	105
PD201	157
PD202	175
PD203	68
PD204	106
PD205	112
PD206	88
PD207	144
PD208	110
PD209	62
PD21	90
PD210	74
PD211	96
PD212	183
PD213	129
PD214	95
PD215	143
PD216	97
PD217	91
PD218	183
PD219	78
PD220	125
PD221	131
PD222	196
PD223	174
PD224	159
PD225	93
PD226	51
PD227	113
PD228	168
PD229	106
PD23	81
PD230	101
PD231	176
PD232	131
PD233	205
PD234	127
PD235	96
PD236	111
PD237	206
PD238	180
PD239	156
PD24	141
PD240	146
PD241	90
PD242	110
PD243	175
PD244	107
PD245	101
PD246	172
PD247	91
PD248	71
PD249	123
PD25	130
PD250	149
PD251	55
PD252	95
PD253	92
PD254	122
PD255	111
PD256	159
PD257	109
PD258	83
PD259	115
PD26	121
PD260	127
PD261	67
PD27	105
PD28	125
PD29	82
PD3	95
PD30	251
PD31	155
PD32	67
PD33	109
PD34	118
PD35	106
PD36	117
PD37	118
PD38	137
PD39	232
PD4	111
PD40	175
PD41	42
PD42	117
PD43	105
PD44	67
PD45	293
PD46	181
PD47	137
PD48	127
PD49	140
PD5	196
PD50	36
PD51	123
PD52	102
PD53	81
PD54	77
PD55	53
PD56	91
PD57	88
PD58	120
PD59	124
PD6	148
PD60	118
PD61	122
PD62	70
PD63	186
PD64	162
PD65	188
PD66	278
PD67	113
PD68	112
PD69	231
PD7	152
PD70	191
PD71	263
PD72	154
PD73	148
PD74	102
PD75	206
PD76	124
PD77	88
PD78	160
PD79	121
PD8	98
PD80	296
PD81	181
PD82	78
PD83	88
PD84	74
PD85	159
PD86	164
PD87	207
PD88	100
PD89	194
PD9	67
PD90	114
PD91	112
PD92	164
PD93	309
PD94	99
PD95	103
PD96	35
PD97	119
PD98	128
PD99	222
PV1	75
PV10	160
PV100	94
PV101	148
PV102	144
PV103	172
PV104	90
PV105	131
PV106	150
PV107	138
PV108	130
PV109	108
PV11	143
PV110	170
PV111	189
PV112	157
PV113	111
PV114	142
PV115	186
PV116	164
PV117	156
PV118	144
PV119	124
PV12	209
PV120	176
PV121	267
PV122	279
PV123	162
PV124	171
PV125	202
PV126	112
PV127	221
PV128	153
PV129	179
PV13	147
PV130	104
PV131	95
PV132	152
PV133	123
PV134	113
PV135	131
PV136	145
PV137	94
PV138	228
PV139	152
PV14	240
PV140	292
PV141	171
PV142	246
PV143	270
PV144	206
PV145	300
PV146	264
PV147	229
PV148	183
PV149	85
PV15	266
PV150	146
PV151	127
PV152	196
PV153	129
PV154	151
PV155	220
PV156	174
PV157	126
PV158	187
PV159	103
PV16	65
PV160	177
PV161	208
PV162	194
PV163	162
PV164	191
PV165	151
PV166	153
PV17	110
PV18	101
PV19	108
PV2	195
PV20	159
PV21	232
PV22	247
PV23	148
PV24	157
PV25	137
PV26	178
PV27	132
PV28	162
PV29	135
PV3	153
PV30	122
PV31	186
PV32	150
PV33	131
PV34	115
PV35	254
PV36	165
PV37	176
PV38	144
PV39	165
PV4	133
PV40	118
PV41	214
PV42	165
PV43	171
PV44	102
PV45	115
PV46	181
PV47	164
PV48	222
PV49	210
PV5	261
PV50	140
PV51	107
PV52	192
PV53	189
PV54	238
PV55	153
PV56	130
PV57	184
PV58	168
PV59	183
PV6	260
PV60	286
PV61	187
PV62	240
PV63	190
PV64	124
PV65	159
PV66	97
PV67	190
PV68	101
PV69	114
PV7	144
PV70	226
PV71	218
PV72	189
PV73	170
PV74	173
PV75	97
PV76	153
PV77	151
PV78	108
PV79	109
PV8	169
PV80	241
PV81	88
PV82	156
PV83	241
PV84	154
PV85	96
PV86	263
PV87	218
PV88	133
PV89	185
PV9	91
PV90	140
PV91	50
PV92	153
PV93	149
PV94	117
PV95	104
PV96	194
PV97	110
PV98	143
PV99	120
