	shannon_entropy
CT1	4.853945836923823
CT10	5.808589215778258
CT11	5.73771268250567
CT12	6.0373811134587445
CT13	5.803081452290443
CT14	6.0718655798889625
CT15	6.682331834867706
CT16	5.92377216944978
CT17	5.677447493231689
CT18	6.108149426323958
CT19	6.526993864420475
CT2	6.104575561074203
CT20	5.7084804508535285
CT21	5.461043339195685
CT22	5.7508837708478975
CT23	6.507833306290818
CT24	6.114294628721079
CT25	5.461543332085506
CT26	6.457893217421009
CT27	5.201907076946194
CT28	5.456129433471025
CT29	5.156974137105868
CT3	5.554119494656837
CT30	6.062494975098724
CT31	6.506943571658032
CT32	6.0447024307156125
CT33	6.200681771921777
CT34	6.267152984557768
CT35	6.051244166439728
CT36	6.3676450675428375
CT37	6.432955775063671
CT38	5.941506316985413
CT39	5.2378319044046
CT4	5.641900164257504
CT40	5.221731074744316
CT41	5.2466904671102155
CT42	5.460178584784326
CT43	5.269716997291979
CT44	5.650156127239069
CT45	5.498683683636375
CT46	5.039319042789569
CT47	5.483501845402733
CT48	5.09753460212979
CT49	5.963596648641868
CT5	4.790545797294462
CT50	2.9685757276627287
CT51	4.621259867762229
CT52	5.925402703042733
CT53	6.269744692625545
CT54	4.3828927847203065
CT55	4.2792912961426115
CT56	3.929264263289395
CT57	5.463767084460535
CT6	4.815167732898981
CT7	5.747510945119426
CT8	5.83756196237132
CT9	6.052146391025417
PD1	5.529230995790516
PD10	3.0697175147692066
PD100	5.217613436601708
PD101	6.273900933256905
PD102	6.111892963517863
PD103	5.792019622644306
PD104	4.688311314143054
PD105	6.575711182197918
PD106	5.991393439877598
PD107	5.496645477428462
PD108	5.292806674634933
PD109	5.5284739577694255
PD11	5.606787708216996
PD110	4.386866143417224
PD111	4.886966704848927
PD112	5.617979861706493
PD113	6.682233733833772
PD114	4.8078584204521375
PD115	5.364330732106879
PD116	3.6513116158935395
PD117	4.061437512443554
PD118	6.4345704713082625
PD119	3.932198802860493
PD12	2.6214695715227703
PD120	5.535149422988888
PD121	4.865706284934849
PD122	5.675651920410154
PD123	4.790677472171465
PD124	3.5641571555431577
PD125	4.853019635542394
PD126	6.014644107132624
PD127	5.018781241227487
PD128	4.771647952996499
PD129	5.288675130663992
PD13	3.4195499382341175
PD130	4.199546782679152
PD131	5.983883594130433
PD132	4.173278801632735
PD133	3.374691795826293
PD134	5.7131020670326045
PD135	5.125893525775733
PD136	4.627541041362142
PD137	5.2578952778508485
PD138	3.7385986816030923
PD139	4.929561512260548
PD14	4.1355696331461616
PD140	3.670973162309018
PD141	5.960428017103292
PD142	3.6339898723744217
PD143	5.241201905877759
PD144	5.154871815155852
PD145	4.395589652278032
PD146	6.035928830610676
PD147	5.181249732720225
PD148	5.174884303075141
PD149	4.867761582300168
PD15	5.470050463714561
PD150	5.067201210822582
PD151	3.85934100060788
PD152	3.991381672002759
PD153	4.933757954301273
PD154	3.2056766023142544
PD155	3.686337679178955
PD156	5.250250202664393
PD157	4.114443770981232
PD158	5.550515724783029
PD159	4.678991381565235
PD16	4.447603124681432
PD160	5.422403123365197
PD161	5.106586972509137
PD162	3.940253370619349
PD163	4.533393665662097
PD164	5.274169915967449
PD165	4.379621630873178
PD166	7.143332598434253
PD167	3.8562932476384257
PD168	5.633626639924115
PD169	4.807034663308577
PD17	4.640783645358852
PD170	5.897906046172542
PD171	3.8128572834708883
PD172	4.871261828301426
PD173	3.1549110500630975
PD174	5.693556947529803
PD175	4.245788628055557
PD176	5.464279969083925
PD177	5.529399002540397
PD178	4.986134455125829
PD179	5.742340164542792
PD18	4.244157952711447
PD180	4.948570760535757
PD181	5.098259166375161
PD182	3.8756485683835895
PD183	4.588709737327861
PD184	6.4768473689006205
PD185	4.464057617746001
PD186	5.444219087049053
PD187	4.1827846410094525
PD188	4.931058074312368
PD189	5.263687006697375
PD19	4.585710232186761
PD190	5.753528496100848
PD191	4.821664173673523
PD192	4.453173803193934
PD193	4.709413090466362
PD194	3.394978040083883
PD195	4.975035518506363
PD196	6.247933149790112
PD197	5.076581110330151
PD198	6.485393804465549
PD199	5.638647362187312
PD2	5.652617427871654
PD20	4.357188259875507
PD200	5.3608754244968315
PD201	4.6277212394453775
PD202	4.874821750176908
PD203	4.688054786676615
PD204	4.687753066341715
PD205	5.251386637815919
PD206	4.329640849592051
PD207	5.752512227860479
PD208	5.3602916693826534
PD209	3.7864965084571782
PD21	3.8143736565392614
PD210	4.8017028668217705
PD211	4.814833531179616
PD212	5.709961263143331
PD213	4.9244087790201965
PD214	4.999720392118522
PD215	5.705942296594839
PD216	3.5937243917480894
PD217	4.043236908503133
PD218	5.4868549285018124
PD219	3.914209862588529
PD220	5.4578551813406415
PD221	5.03567551801169
PD222	5.670215830847959
PD223	5.608122617515269
PD224	6.070658943791754
PD225	4.45608825150333
PD226	3.352571433177377
PD227	4.095605784460676
PD228	5.293892160235276
PD229	4.385572080549624
PD23	3.6473866468222074
PD230	4.667365678987426
PD231	5.461887876574453
PD232	5.331610547432633
PD233	5.866267367368096
PD234	4.728015142252578
PD235	4.965163863408511
PD236	4.936673100461606
PD237	5.8489706537579815
PD238	4.4549399451670935
PD239	5.514223884485228
PD24	4.897074153401844
PD240	4.759312841152591
PD241	4.278434036417529
PD242	4.885071652970703
PD243	4.9704207256992925
PD244	5.029056871020109
PD245	3.4978445101739024
PD246	5.285639299255581
PD247	3.3437573382138788
PD248	3.317399976039179
PD249	4.14246778455151
PD25	4.594076297098656
PD250	4.8053594567356654
PD251	2.526689184259563
PD252	3.577429654324282
PD253	4.637166853318167
PD254	4.621322497230008
PD255	4.035887888597691
PD256	4.816938261555913
PD257	4.6559788723714455
PD258	3.0244498944362834
PD259	4.472550752635596
PD26	4.573758942471878
PD260	4.785989038037961
PD261	1.627729315135759
PD27	3.9680662120794374
PD28	4.8060929430392445
PD29	4.386354145387315
PD3	4.688918290814593
PD30	3.551129012427094
PD31	5.248188269429956
PD32	2.248470034061786
PD33	5.362656859703114
PD34	4.4905995136927155
PD35	3.5344866853983468
PD36	4.102189732212049
PD37	4.879313036652386
PD38	4.607239239328364
PD39	5.5154239343674005
PD4	4.523408542504973
PD40	5.5840957124085655
PD41	2.348277109876187
PD42	4.34329570719335
PD43	3.6651149755614894
PD44	3.622556260282265
PD45	6.178685696614237
PD46	4.2649753777238555
PD47	3.4774650588937703
PD48	4.704150222597593
PD49	4.868352484928167
PD5	5.946842760710044
PD50	1.5354260046180532
PD51	4.767149134197794
PD52	4.357847485790731
PD53	4.149869403625849
PD54	3.3055239277802135
PD55	2.367174449343931
PD56	3.7956312709831206
PD57	4.153701216615607
PD58	4.807094690932905
PD59	4.729449181183605
PD6	4.379575388996415
PD60	4.173407003436023
PD61	4.816297350070885
PD62	3.9329148713184563
PD63	5.7944450646439165
PD64	5.541777460120429
PD65	5.456039763453352
PD66	6.600307229206769
PD67	3.717678889730082
PD68	4.599034884694475
PD69	5.63793738775486
PD7	4.187355728245306
PD70	5.52860028924957
PD71	6.31012628735712
PD72	5.352343564071509
PD73	5.151814940217735
PD74	5.09107644651707
PD75	5.916404393935541
PD76	4.494969311278405
PD77	3.7160285942984332
PD78	4.858560819148615
PD79	4.2849532380007425
PD8	4.824512153516883
PD80	6.322792248301572
PD81	5.63421434675139
PD82	3.8663890653808046
PD83	4.463422149503989
PD84	3.6413339471373565
PD85	5.678110468620794
PD86	5.487963622913284
PD87	6.102456884619624
PD88	4.770585655091049
PD89	5.408632480026613
PD9	2.7282481453779828
PD90	3.914176862671632
PD91	4.842151007012907
PD92	4.675371757462052
PD93	6.577112534132215
PD94	4.766807227933398
PD95	4.36793022812605
PD96	2.373400071576157
PD97	4.862867162223362
PD98	5.308226169157977
PD99	6.344506079025155
PV1	3.5164241407301713
PV10	5.6378670184732345
PV100	4.545255387717461
PV101	5.714567640072255
PV102	5.4601245142909285
PV103	5.434232477139171
PV104	3.9570948760750917
PV105	4.940406661154483
PV106	5.618752734962578
PV107	5.639864373045702
PV108	5.125417585973233
PV109	4.257474842687603
PV11	4.474262326980166
PV110	5.108466127126295
PV111	5.555524806087474
PV112	5.7612731260199554
PV113	4.623471421836962
PV114	4.557884369455623
PV115	5.539793311591914
PV116	5.283123590743621
PV117	5.226226372796733
PV118	5.115784008550364
PV119	4.782527615430843
PV12	5.853175385517943
PV120	4.59453085001925
PV121	6.2152596840682595
PV122	6.664512407244498
PV123	5.534718493887379
PV124	5.489706991160828
PV125	6.149225841447797
PV126	4.131624754593401
PV127	5.692562694547765
PV128	4.746150882661337
PV129	5.463099770734447
PV13	5.344247317608029
PV130	4.4061343337124095
PV131	4.9191982358705015
PV132	5.619921636828794
PV133	5.047412487917088
PV134	5.193884295674277
PV135	5.431243072680928
PV136	5.675395558175247
PV137	4.6309930521316485
PV138	6.341041010035017
PV139	5.475369847456632
PV14	6.351669064104736
PV140	6.57627997967965
PV141	5.745653097938564
PV142	6.027346950155329
PV143	5.986246440003281
PV144	5.695441301742407
PV145	6.315115701967218
PV146	6.407570071519606
PV147	5.778996011873626
PV148	6.0740761017219285
PV149	4.243052528358462
PV15	5.843333087148888
PV150	5.152302823014779
PV151	5.0396870884359855
PV152	5.836438890821842
PV153	5.286113682488389
PV154	4.8642927033730965
PV155	6.797736737581612
PV156	5.987035549939171
PV157	5.494622344933419
PV158	5.490316307304199
PV159	4.104619404909134
PV16	3.7959014382730665
PV160	5.8732306665821765
PV161	5.768726040433172
PV162	6.283446952331637
PV163	5.591269999409447
PV164	5.93914400178765
PV165	5.417544331633821
PV166	5.168355189782479
PV17	4.4926655354132725
PV18	5.102317960737776
PV19	5.129899309302142
PV2	5.897668898725677
PV20	5.940916083047777
PV21	6.4116933864978245
PV22	6.223885536264611
PV23	5.56085779406617
PV24	5.185071739545869
PV25	5.125635760143248
PV26	5.469873649972868
PV27	5.382812683596672
PV28	4.946996168924878
PV29	5.070664271736904
PV3	4.132316256823671
PV30	5.030977677786405
PV31	6.075770659851682
PV32	5.097406271017726
PV33	5.580544754473472
PV34	4.888327125708723
PV35	5.8145928694558995
PV36	6.059561512436109
PV37	6.063540352746257
PV38	5.058025919131879
PV39	5.316714988800411
PV4	4.966218175444361
PV40	4.784300447937971
PV41	5.894218699584934
PV42	5.626555153830475
PV43	5.74838413077589
PV44	4.374776503831797
PV45	4.463948721149274
PV46	5.493014276444102
PV47	5.418708588653807
PV48	6.350675129440609
PV49	5.833351990710495
PV5	6.232650276757994
PV50	4.626808333165382
PV51	4.79800906105217
PV52	5.521231514980007
PV53	5.373359829078265
PV54	5.395252230241565
PV55	5.1254069243522755
PV56	4.993669042343978
PV57	5.920666850513441
PV58	5.633064826382263
PV59	5.991529690763377
PV6	5.940519570651422
PV60	6.765961050148207
PV61	6.1217033069688815
PV62	6.309430338002255
PV63	5.3060588623233444
PV64	4.3975063726634795
PV65	5.632924602579114
PV66	5.599781410506406
PV67	5.79458242543902
PV68	4.412226517731638
PV69	4.822014692876185
PV7	5.784615852104514
PV70	6.087078574319256
PV71	5.645590543547376
PV72	5.653836143555653
PV73	5.438468097714739
PV74	6.087410284174566
PV75	3.8108438955179422
PV76	5.394496936457165
PV77	5.572571698430348
PV78	5.104631429882547
PV79	3.620467672219871
PV8	5.75796351768352
PV80	6.376063797878264
PV81	4.594663824838321
PV82	5.299855934486647
PV83	6.815537465491046
PV84	5.610635535750585
PV85	4.300767636280679
PV86	6.223581226535901
PV87	6.179759097963238
PV88	5.244831897649722
PV89	6.088530964588286
PV9	4.44856043238137
PV90	5.903532942099943
PV91	2.623774636140875
PV92	5.451400824855764
PV93	5.57864303544303
PV94	5.0783034702559835
PV95	3.9816405058094704
PV96	5.89815278846797
PV97	4.718074792929179
PV98	4.957369326892276
PV99	4.02953319282107
