	chao1
CT1	131.5
CT10	226.05555555555554
CT11	173.75
CT12	211.66666666666666
CT13	287.2307692307692
CT14	214.88235294117646
CT15	290.5
CT16	262.0357142857143
CT17	200.36363636363637
CT18	257.4761904761905
CT19	283.3157894736842
CT2	208.25
CT20	209.05555555555554
CT21	145.14285714285714
CT22	218.4375
CT23	250.5
CT24	262.0
CT25	159.33333333333334
CT26	274.7894736842105
CT27	178.9090909090909
CT28	200.76923076923077
CT29	146.33333333333334
CT3	134.3
CT30	233.15384615384616
CT31	267.05263157894734
CT32	217.4375
CT33	242.0
CT34	253.9375
CT35	225.0
CT36	229.95454545454547
CT37	286.04347826086956
CT38	226.63636363636363
CT39	152.75
CT4	194.4
CT40	170.5625
CT41	150.0
CT42	326.14285714285717
CT43	319.42857142857144
CT44	235.2
CT45	167.0909090909091
CT46	238.66666666666666
CT47	190.3
CT48	155.375
CT49	242.1
CT5	148.05555555555554
CT50	83.0
CT51	157.0
CT52	249.05263157894737
CT53	247.83333333333334
CT54	111.0
CT55	86.75
CT56	80.2
CT57	127.42857142857143
CT6	145.83333333333334
CT7	203.83333333333334
CT8	212.12
CT9	243.73076923076923
PD1	249.04761904761904
PD10	54.142857142857146
PD100	156.0
PD101	292.7
PD102	207.21428571428572
PD103	292.1363636363636
PD104	198.4
PD105	297.9130434782609
PD106	248.8
PD107	148.54545454545453
PD108	141.57142857142858
PD109	191.33333333333334
PD11	177.27272727272728
PD110	107.875
PD111	177.58823529411765
PD112	165.11111111111111
PD113	356.1290322580645
PD114	147.0
PD115	162.1764705882353
PD116	67.75
PD117	163.53846153846155
PD118	275.4
PD119	118.42857142857143
PD12	124.0
PD120	179.0909090909091
PD121	139.375
PD122	170.85714285714286
PD123	111.76923076923077
PD124	103.33333333333333
PD125	130.875
PD126	244.75
PD127	133.0
PD128	182.57142857142858
PD129	185.0
PD13	115.3
PD130	97.42857142857143
PD131	223.1764705882353
PD132	147.0
PD133	90.6
PD134	134.16666666666666
PD135	116.5
PD136	102.42857142857143
PD137	142.0
PD138	72.6
PD139	94.0
PD14	131.0
PD140	64.0
PD141	220.8125
PD142	57.5
PD143	145.625
PD144	118.875
PD145	84.33333333333333
PD146	159.15384615384616
PD147	125.07142857142857
PD148	120.375
PD149	97.33333333333333
PD15	214.0
PD150	105.0
PD151	67.0
PD152	86.0
PD153	133.0
PD154	81.625
PD155	137.06666666666666
PD156	163.4
PD157	142.5625
PD158	162.23076923076923
PD159	100.66666666666667
PD16	117.54545454545455
PD160	146.5
PD161	139.58333333333334
PD162	98.54545454545455
PD163	112.0909090909091
PD164	144.33333333333334
PD165	80.11111111111111
PD166	327.64
PD167	82.5
PD168	201.21428571428572
PD169	142.1
PD17	145.76923076923077
PD170	174.42857142857142
PD171	104.3125
PD172	147.66666666666666
PD173	71.6
PD174	150.8
PD175	104.0
PD176	164.625
PD177	162.75
PD178	112.61538461538461
PD179	191.5625
PD18	185.1304347826087
PD180	130.0
PD181	97.2
PD182	70.0
PD183	94.2
PD184	332.0
PD185	133.14285714285714
PD186	152.9090909090909
PD187	80.66666666666667
PD188	103.33333333333333
PD189	107.5
PD19	116.8
PD190	163.0
PD191	64.0
PD192	125.6
PD193	115.0
PD194	71.9090909090909
PD195	115.2
PD196	244.13636363636363
PD197	121.2
PD198	263.2307692307692
PD199	136.0
PD2	187.11764705882354
PD20	105.54545454545455
PD200	105.0
PD201	159.33333333333334
PD202	185.9090909090909
PD203	68.2
PD204	108.0
PD205	112.33333333333333
PD206	91.0
PD207	145.25
PD208	110.0
PD209	65.0
PD21	99.16666666666667
PD210	76.0
PD211	98.0
PD212	187.55
PD213	151.75
PD214	95.25
PD215	148.6
PD216	115.2
PD217	94.0
PD218	188.5
PD219	87.0
PD220	127.0
PD221	135.58333333333334
PD222	201.6875
PD223	177.4375
PD224	161.5
PD225	99.11111111111111
PD226	53.5
PD227	120.5
PD228	173.2
PD229	112.0
PD23	82.11111111111111
PD230	106.0
PD231	197.9375
PD232	132.5
PD233	221.23529411764707
PD234	130.6
PD235	98.33333333333333
PD236	115.0
PD237	209.47368421052633
PD238	196.25
PD239	162.6
PD24	158.27272727272728
PD240	156.92857142857142
PD241	90.16666666666667
PD242	125.0
PD243	191.5
PD244	110.0
PD245	106.625
PD246	177.57142857142858
PD247	94.92857142857143
PD248	82.375
PD249	124.5
PD25	141.05263157894737
PD250	169.0
PD251	61.0
PD252	98.27272727272727
PD253	93.66666666666667
PD254	127.625
PD255	115.71428571428571
PD256	165.42857142857142
PD257	111.57142857142857
PD258	84.66666666666667
PD259	131.5
PD26	136.6
PD260	128.75
PD261	77.0
PD27	127.66666666666667
PD28	130.625
PD29	82.75
PD3	95.85714285714286
PD30	330.0
PD31	160.0
PD32	73.42857142857143
PD33	109.0
PD34	125.33333333333333
PD35	129.75
PD36	122.625
PD37	122.5
PD38	138.6153846153846
PD39	256.7916666666667
PD4	130.42857142857142
PD40	189.0
PD41	42.5
PD42	118.75
PD43	106.86666666666666
PD44	69.33333333333333
PD45	314.25
PD46	207.89655172413794
PD47	152.95454545454547
PD48	132.57142857142858
PD49	151.33333333333334
PD5	226.66666666666666
PD50	36.6
PD51	126.11111111111111
PD52	105.0
PD53	84.0
PD54	78.0
PD55	54.875
PD56	96.0
PD57	88.14285714285714
PD58	127.8
PD59	138.25
PD6	173.375
PD60	128.92857142857142
PD61	135.125
PD62	71.2
PD63	201.54545454545453
PD64	174.35294117647058
PD65	213.07142857142858
PD66	300.54545454545456
PD67	122.06666666666666
PD68	115.66666666666667
PD69	242.60714285714286
PD7	166.6153846153846
PD70	214.88235294117646
PD71	282.55555555555554
PD72	165.4
PD73	157.1
PD74	115.125
PD75	225.0
PD76	131.0
PD77	88.375
PD78	162.3684210526316
PD79	123.1
PD8	99.66666666666667
PD80	312.84090909090907
PD81	189.26086956521738
PD82	93.6
PD83	92.5
PD84	87.0
PD85	198.42857142857144
PD86	178.05555555555554
PD87	217.0
PD88	122.75
PD89	216.55555555555554
PD9	67.375
PD90	122.0
PD91	134.75
PD92	179.4
PD93	345.12
PD94	99.375
PD95	122.42857142857143
PD96	46.0
PD97	122.0
PD98	135.0
PD99	241.0
PV1	81.0
PV10	163.66666666666666
PV100	100.0
PV101	148.75
PV102	147.0
PV103	179.85714285714286
PV104	95.14285714285714
PV105	135.66666666666666
PV106	154.5
PV107	143.25
PV108	133.0
PV109	113.0
PV11	149.5
PV110	180.2
PV111	191.76923076923077
PV112	157.75
PV113	112.2
PV114	145.0
PV115	193.58333333333334
PV116	175.33333333333334
PV117	162.0
PV118	150.06666666666666
PV119	129.07692307692307
PV12	220.76923076923077
PV120	204.33333333333334
PV121	283.24
PV122	287.88461538461536
PV123	162.83333333333334
PV124	178.0
PV125	212.92857142857142
PV126	117.07692307692308
PV127	232.66666666666666
PV128	158.5
PV129	187.55
PV13	155.25
PV130	106.0
PV131	95.5
PV132	156.0909090909091
PV133	123.6
PV134	113.6
PV135	131.25
PV136	151.11111111111111
PV137	95.25
PV138	238.5
PV139	156.58333333333334
PV14	259.5
PV140	310.5
PV141	177.11111111111111
PV142	296.6470588235294
PV143	282.1034482758621
PV144	218.04761904761904
PV145	311.7567567567568
PV146	279.4761904761905
PV147	241.5
PV148	188.0
PV149	86.0
PV15	280.5
PV150	152.6
PV151	128.9090909090909
PV152	203.33333333333334
PV153	130.42857142857142
PV154	165.6153846153846
PV155	221.36363636363637
PV156	183.1
PV157	126.0
PV158	191.0909090909091
PV159	105.5
PV16	66.0
PV160	177.5
PV161	219.5
PV162	205.0
PV163	162.75
PV164	204.57142857142858
PV165	153.1
PV166	160.5
PV17	111.66666666666667
PV18	110.0
PV19	110.0
PV2	214.25
PV20	167.25
PV21	249.5
PV22	254.7
PV23	153.0
PV24	168.66666666666666
PV25	150.2
PV26	180.4
PV27	133.66666666666666
PV28	173.33333333333334
PV29	141.1764705882353
PV3	160.1578947368421
PV30	123.42857142857143
PV31	207.66666666666666
PV32	161.875
PV33	140.42857142857142
PV34	121.875
PV35	269.75
PV36	167.5
PV37	177.5
PV38	150.0
PV39	170.2
PV4	157.42857142857142
PV40	118.66666666666667
PV41	224.04347826086956
PV42	172.05882352941177
PV43	174.0
PV44	103.875
PV45	132.5
PV46	191.6875
PV47	171.58333333333334
PV48	229.55555555555554
PV49	219.71428571428572
PV5	288.1875
PV50	143.92857142857142
PV51	112.625
PV52	196.58333333333334
PV53	210.0
PV54	248.83333333333334
PV55	160.0909090909091
PV56	131.875
PV57	191.0
PV58	170.14285714285714
PV59	190.0909090909091
PV6	269.6923076923077
PV60	317.5
PV61	193.42857142857142
PV62	252.66666666666666
PV63	192.3684210526316
PV64	134.92857142857142
PV65	163.5
PV66	97.0
PV67	207.27272727272728
PV68	104.0
PV69	116.8
PV7	146.1
PV70	234.75
PV71	236.45454545454544
PV72	194.07692307692307
PV73	171.0
PV74	179.875
PV75	102.625
PV76	161.75
PV77	154.0
PV78	111.0
PV79	145.9090909090909
PV8	174.57142857142858
PV80	254.31578947368422
PV81	89.42857142857143
PV82	161.0
PV83	244.66666666666666
PV84	163.75
PV85	96.75
PV86	269.5769230769231
PV87	222.125
PV88	136.75
PV89	195.11111111111111
PV9	93.14285714285714
PV90	140.16666666666666
PV91	55.25
PV92	160.0909090909091
PV93	149.75
PV94	118.66666666666667
PV95	108.71428571428571
PV96	200.875
PV97	111.0
PV98	144.875
PV99	124.2
